host_super,room_score,room_guest_num,room_lag,host_id,room_bedroom_num,room_bathroom_num,host_info,room_value_rating,room_bed_num,host_member_since,host_response_rate,room_hosting_id,room_saved_to_wishlist_count,room_location,room_lng,room_price,room_amenity_num,host_response_time,room_title,host_name,room_home_tier,room_url,room_communication,room_guest_satisfaction_overall
True,5,4.0,30.6626041873402,10919936,1.0,1.0,"大家好,我们是东家新民宿的运营者雨润和小黑,很高兴与你在旅途中相遇。

打造一个精品的、特别的、高品质的酒店是我们一直以来的梦想,所以我们创办了东家新民宿。我们的从装修、软装、配饰、电器都经过精心设计和挑选。包括床上用品、浴巾毛巾,全部选用了超5星级的标准。

雨润是互联网行业产品经理出身,现在是成都匹体科技的CEO,雨润虽然不是处女座,但对于自己的产品可以说是精细到每一个像素,可以说是非常较真。容不得一点瑕疵,这点在我们民宿上也有体现。

小黑也是成都匹体科技的创始人,热爱健身,准确说是酷爱健身。每天都要去健身,也喜欢和热爱运动的人交朋友。现在在全职负责民宿的运营~说不定你们能在旅途中与小黑见面。",10,2.0,December 2013,100%,17591934,1614,10,104.07628612367189,97,30,within an hour,"天幕云居-东家新民宿|市中心38层无敌景观270度全景落地窗,步行10分钟逛太古里|春熙路",雨润,1,https://www.airbnb.com/rooms/17591934?location=Chengdu%2C%20Sichuan%2C%20China,10,98
True,5,4.0,30.65255044131898,133186883,1.0,1.0,"hi,我是可儿,很高兴大家的光临:)我的房子一共有4套,分别是:「美少女Q家」、「果教授的气球房」、「橙妈妈家」、「Love波波池」。
如果您喜欢我们这个大家庭并且来到我的家,我们给您准备了一份“颜值超高”的【神秘大礼物】哦~ 还有哦别担心,住在家里的您我会送上我自己手写的【必玩必吃必去】~【旅游宝典】~送给大家 “成都带不走的只有你……(^^)” 最后如果您入住的时间刚好是您或者您朋友的生日或者纪念日等,我们可提供精心准备的【party房间布置】是免费的哦~ (只需要您提前好时间以便我们做好准备哦)

",10,2.0,June 2017,100%,19753158,829,10,104.08712052880757,24,53,within an hour,【果教主的气球房】成都春熙路太古里/九眼桥/熊猫基地/宽窄巷子/楼下吃小龙坎火锅聚会派对限团购价中!,可儿,1,https://www.airbnb.com/rooms/19753158?location=Chengdu%2C%20Sichuan%2C%20China,10,96
True,5,2.0,30.65413766295678,83871898,1.0,1.0,,10,1.0,July 2016,100%,14022664,6847,10,104.08584316795434,81,21,within an hour,"藝净- 复古花,太古里旁高层花园电影套房",藝,1,https://www.airbnb.com/rooms/14022664?location=Chengdu%2C%20Sichuan%2C%20China,10,100
True,5.0,2.0,30.67463103843533,103961017,1.0,1.0,"关于自己,本科是一只新闻狗,爱阅读爱摄影也爱打dota。重油重辣,日常生活离不开可乐。深受高晓松老师诗和远方的影响,大学的时候因为经常逃课出去玩(在这希望读书的小朋友们不要逃课)住了很多民宿,有满意的也有不满意的,在出去玩的期间产生了做民宿的念头,所以在大三的时候有了自己的民宿【壹見】 房子从刷墙到采购家具都是自己和朋友们独自完成,在此也感谢我的闺蜜们陪我去了一趟又一趟的宜家和家具城。
关于【壹見】我是个典型的巨蟹座,非常居家,梦想就是厨房与爱,喜欢在家时候的安全感和归属感。早已经过了文艺青年的年纪,也懂得了生活大部分还是眼前的苟且。只是希望为出门在外的你们提供属于你们的家,给你们足够的安全感和归属感。这里是我的家,也希望是你们在成都的家。",10,1.0,November 2016,100%,16886845,2843,10,104.0542622757281,38,19,within an hour,【壹見】 宽窄巷子/文殊院/春熙路/太古里/地铁四号线文艺清新loft 每个房间都是一个小宇宙,大萌,1,https://www.airbnb.com/rooms/16886845?location=Chengdu%2C%20Sichuan%2C%20China,10,98
True,5.0,3.0,30.650013001295076,31559937,1.0,1.0,"Lj Wu and Edison were in travel 5 years ago,we came to Chengdu and really love this place. We love hot pot,pandas,beer,rock&amp;roll.we like communication with  experience with the guests from different countries.
 During you stay with us,the warmth host will provide you help for your trip
大鬼是苗族妹儿,在川的湖南人,较开朗,有时癫狂, 刚睡醒是最没有活力的时候,恰巧碰到的房客请多包涵;
在旅游途中很喜欢成都就和男朋友留了下来,因都喜爱旅游,也很乐意分享一些在途的信息。
",10,1.0,April 2015,100%,12571763,4409,10,104.0800429305729,33,14,within an hour,city centre/metro/good location,Lj,1,https://www.airbnb.com/rooms/12571763?location=Chengdu%2C%20Sichuan%2C%20China,10,98
True,5,4.0,30.651642611551974,109190314,1.0,1.0,,10,1.0,December 2016,100%,17744136,14145,10,104.08171459391838,42,18,within an hour,【樱の屋】春熙路/太古里/兰桂坊地铁2/3号线直达日式和服榻榻米metro line 2/3,Yoyo,1,https://www.airbnb.com/rooms/17744136?location=Chengdu%2C%20Sichuan%2C%20China,10,97
True,5.0,2.0,30.655068993324267,55206767,1.0,1.0,"爱美食,爱电影,爱阅读,爱旅行,爱生活~~我知道你也一样!:)坐标是成都,与三只猫咪生活在这里,闲逸而踏实,是的,三只,我想你一定觉得有点多,哈哈。我喜欢成都,这里的一街一巷,一草一木我来说都很亲切。哪怕只是一两天,很乐意让你像本地人一样的生活在这儿~走街串巷的寻找美食,在夜晚也会有人等你回家,希望你会喜欢这里!
I am a trip advisor working in travel industry, living in Chengdu for more than 10 years. Love this city!
I Love music, movies, traveling, love delicious spicy food, love meeting different interesting people from all over the world. 
Although we have not meet yet, but I know it would be delight to meet you. :)
There is a gourmet street near our apartment, you can enjoy lots of local cuisine around. Sometimes you may have to line up and wait for  your turn. 
Also you could jog along the Jinjiang River. Get wasted at the Fangling Road bar street or Lan Kwai Fong or Jiuyanqiao Bar Street, it is not a big city, but it got enough place to get you drunk. 
If you want to visit Tibet or Nepal, feel free to ask me for any suggestions. I would be happy to help.
",10,1.0,January 2016,100%,15918975,1008,10,104.04030680302861,24,20,within an hour,Tidy&amp;quite RM@city center nr metro,Glenna,1,https://www.airbnb.com/rooms/15918975?location=Chengdu%2C%20Sichuan%2C%20China,10,99
False,,4.0,30.649283154704438,164087161,2.0,1.0,,,2.0,December 2017,100%,22873289,22,,104.06010890807799,41,17,within an hour,【薄荷绿】地铁1#锦江宾馆FRESH小两居/武侯祠/锦里宽窄巷子/人民公园/临近景区,渝之,1,https://www.airbnb.com/rooms/22873289?location=Chengdu%2C%20Sichuan%2C%20China,,
True,5.0,4.0,30.649344662768964,135189524,2.0,1.0,"成都,一个充满热情、古朴、文艺气息的城市,这里有热辣的火锅、萌萌的熊猫,充满故事的街道。
大家好,我是珍珠,我和我的伙伴们从事在线旅游行业,5年的时间,我们走过四川所有景点,住过四川大部分酒店。几年的从业经验,让我们对酒店以及景区有了丰富的认知和自己的理解,我们向往自由的生活方式,喜欢跟不同的人一起分享,于是我们有了自己用心经营的民宿,希望可以在成都为有缘相聚的朋友们提供一个温暖的家,也为您的旅行留下一段美好的回忆。
",10,2.0,June 2017,100%,19704182,564,10,104.0792985992081,32,18,within an hour,Starlight room/downtown/Chunxi Road/Taikoo Li/ IFS,珍珠,1,https://www.airbnb.com/rooms/19704182?location=Chengdu%2C%20Sichuan%2C%20China,10,99
False,5.0,2.0,30.64820390091427,127911859,1.0,1.0,"成都,一座来了就不想走的城市~
路上的旅途没有想像中那么遥远
片刻小憩,睁开眼就是另一座城市
人与人之间没有想象的那样陌生
一次住宿之后,我们就成为了朋友
这小小的房子,不只是休息的空间,也是你临时的小家~
希望你在这次温暖悠哉的旅途中可以感受到
蜀文化灵秀深邃
川妹子的热情好客
巴蜀饮食的香中带辣,辣中有香
我们的生活中不止有朝九晚五,也有诗和远方。
熊猫姑娘在Panda House等你。",10,1.0,April 2017,100%,19509371,237,10,104.07452635892813,30,16,within an hour,太古里/IFS/春熙路/地铁/文艺清新/熊猫/高层观景/厨具齐全,熊猫姑娘,1,https://www.airbnb.com/rooms/19509371?location=Chengdu%2C%20Sichuan%2C%20China,10,95
True,5,3.0,30.654046632895692,136127904,1.0,2.0,"本人喜欢旅游和美食,喜欢喝茶和看书,之前一直在杭州,希望能结交更多的朋友",10,2.0,June 2017,100%,21577161,291,10,104.07478338717326,37,23,within an hour,【成都文殊艺墅】春熙路步行街太古里宽窄巷子锦里天府广场九眼桥space粉色两层跃层投影观景酒吧式民宿,洁,1,https://www.airbnb.com/rooms/21577161?location=Chengdu%2C%20Sichuan%2C%20China,10,97
True,5,2.0,30.651066253532907,65873270,1.0,1.0,热爱旅行的女生,10,1.0,April 2016,100%,14751489,989,10,104.08039054135267,34,17,within an hour,《Our Time2#》楼下即太古里/春熙路商圈/地铁口2号线,Wen Zhu,1,https://www.airbnb.com/rooms/14751489?location=Chengdu%2C%20Sichuan%2C%20China,10,97
False,5,1.0,30.640427737302765,90255753,1.0,1.0,"born in 90s的骚年,热爱生活,热爱新鲜的事物,喜欢结交新的朋友.生活里没有咖啡和书的话浑身难受.",10,1.0,August 2016,97%,18758142,1159,10,104.10407625276223,11,27,within an hour,市区1.5环地铁旁位置超级好房子GREAT LOCATION,Su,1,https://www.airbnb.com/rooms/18758142?location=Chengdu%2C%20Sichuan%2C%20China,10,98
False,4.5,2.0,30.65194580031342,162173401,1.0,1.0,"成都是一个你来了就不想走的城市,欢迎你来到成都,欢迎你回到【恋.家】",10,1.0,December 2017,100%,22194487,90,10,104.08526720325717,39,31,within an hour,"【恋.家】太古里|春熙路都在您楼下,流星花园高层",家,1,https://www.airbnb.com/rooms/22194487?location=Chengdu%2C%20Sichuan%2C%20China,10,88
False,5,4.0,30.662939710436508,78988664,1.0,1.0,"站在你面前的是一个皮肤黑黑的boy,喜欢运动,电影,旅游,音乐,烹饪。职业是服装陈列师和家居陈列师。本质是玩师,吃师,旅行咨询师,历史老师,哈哈,由于职业之便去过很多地方,也有很多故事。也想和大家一起分享你的故事。
Standing in front of you is a skin black boy, like sports, movies, music, traveling, cooking.
he""s display designer for clothing and home furnishing.but Nature is to player, eater, travel consultants, and history teacher, ha ha, because the profession has been to many places, there are also many stories.Also want to share your story.",10,1.0,June 2016,100%,16874216,480,10,104.08095326538593,49,16,within an hour,"[ impression]NearSubway邻春熙路,太古里/印象",波,1,https://www.airbnb.com/rooms/16874216?location=Chengdu%2C%20Sichuan%2C%20China,10,95
True,5.0,2.0,30.64952864874522,104781309,1.0,1.0,,10,1.0,November 2016,100%,16079271,577,10,104.07263984028468,35,19,within an hour,【桃花坞】|春熙路/太古里/天府广场/宽窄巷子温馨跃层套一,婷婷儿,1,https://www.airbnb.com/rooms/16079271?location=Chengdu%2C%20Sichuan%2C%20China,10,99
True,5,3.0,30.64724597786724,25063366,1.0,1.0,"你好,我是Tim,北方人,在成都定居已经快十年了,成都是一座很适合居住的城市,欢迎你来到成都,我一共有三套房子,希望有适合你的一套。",10,2.0,December 2014,100%,20608311,391,10,104.08322492626158,34,71,within an hour,"别住酒店,住我家,网红店无早楼上,步行至春熙路,超大投影,兰桂坊对面,府南河边,双地铁,成都东站直达",Tianyuan(Tim),1,https://www.airbnb.com/rooms/20608311?location=Chengdu%2C%20Sichuan%2C%20China,10,100
True,5,2.0,30.646030706420444,37879980,1.0,1.0,"Hi, I'm a girl who is curious about the world. I love science fiction, animals, travel and folk songs.
I live with the people I love in this ancient and mysterious country.
I understand the traditional culture of our country, but also the hearts of the outside world.
Stranger, if you are willing to spend a few days in your life and come to my house, I will try my best to let you have a wonderful and unforgettable journey.",10,2.0,July 2015,100%,7432639,1343,10,104.08005649250971,19,15,within an hour,Puppy and kitten's home,虹曦,1,https://www.airbnb.com/rooms/7432639?location=Chengdu%2C%20Sichuan%2C%20China,10,98
True,5,2.0,30.650135809403086,122081814,1.0,1.0,平常,10,1.0,March 2017,100%,19727178,623,10,104.07430287914576,36,14,within an hour,"南北朝向loft小跃层,紧邻春熙路太古里商业圈,5分钟到地铁站特别方便,清静,配高清投影!",明明,1,https://www.airbnb.com/rooms/19727178?location=Chengdu%2C%20Sichuan%2C%20China,10,99
True,5,2.0,30.650906847794523,118521662,1.0,1.0,"我是牙签,一个喜欢喝茶看书晒太阳这种慢节奏老年生活的小青年。但是内心的躁动因子又热衷于折腾自己,用力生活。
研究生毕业后有了安稳的外企工作,可世界那么大,我想要让生命尝试更多的可能性。带着一点情怀,带着一点憧憬,我创造了自己的小屋「不慌」和「折腾」,想要和同样对世界充满好奇心的人在这里相遇。
I'm YAQIAN. I like movies, traveling and I'm very curious about the world. So when I got my graduate degree and worked in a large company for two years, I wanna try different things. That's why I become an airbnb host, I want to know this world in a different way with different people.
Welcome to my home.",10,1.0,February 2017,100%,22288962,353,10,104.08788169041895,42,28,within an hour,2月钜惠!楼下太古里/春熙路/双地铁/网红餐厅/INS杂志风/高清投影/私人吧台,签,1,https://www.airbnb.com/rooms/22288962?location=Chengdu%2C%20Sichuan%2C%20China,10,100
False,5,4.0,30.64975910952217,147657500,2.0,1.0,爱自己爱生活,10,2.0,August 2017,,20985201,742,10,104.0918137150962,32,18,,A【丛林漫步】二居室春熙路IFS/太古里/牛王庙/地铁/天府广场/武侯祠锦里/宽窄巷子/熊猫基地,陈晨,1,https://www.airbnb.com/rooms/20985201?location=Chengdu%2C%20Sichuan%2C%20China,10,98
True,5.0,2.0,30.651427237795545,140416924,1.0,1.0,"我是一名独立设计师,爱吃爱玩,有一条叫ruby的雪纳瑞,梦想的生活状态是混吃等死",10,1.0,July 2017,100%,19892598,464,10,104.06986131963251,27,42,within an hour,混室(mix room)/市中心 双地铁 步行至春熙路太古里 专业设计师打造轻松舒适自由独立公寓,静,1,https://www.airbnb.com/rooms/19892598?location=Chengdu%2C%20Sichuan%2C%20China,10,100
False,4.5,2.0,30.653200421926435,48847113,1.0,1.0,"我喜欢旅行,喜欢摄影,爱音乐,艺术,当然我也爱成都!
可以去我的微博:aoihasume
选择我的房子之前,请你了解“民宿”和“酒店”的区别,也请你爱护我的房子,有一次有位房客在我的厨房放满了水,把我的房子弄得很乱,我收拾了很久。
最近也有同行入住我的房子,给了我一些很不有利的评价。房子我都是很用心在做,如果入住时有什么照顾不周的地方,可以完全向我提出,我尽一切帮助你们哦,谢谢大家的理解!",9,1.0,November 2015,100%,12300751,2517,10,104.08953480393171,29,31,within an hour,日式|恶趣味•走路到太古里/LOFT榻榻米|独套/井已民宿A房,Leviathan,1,https://www.airbnb.com/rooms/12300751?location=Chengdu%2C%20Sichuan%2C%20China,10,94
True,4.5,2.0,30.65198557604929,79620874,1.0,1.0,,10,1.0,June 2016,98%,19867976,424,10,104.08596090589214,36,15,within an hour,「卷一卷」Room2 whispers | 成都太古里春熙路北欧风小清新无印良品,花卷,1,https://www.airbnb.com/rooms/19867976?location=Chengdu%2C%20Sichuan%2C%20China,10,93
True,5,2.0,30.65419444151643,123332021,1.0,1.0,"实在不知道该怎么自我介绍,在成都表达热情的唯一方式就是:你来住我家,我来带你耍。
",10,1.0,March 2017,100%,21071994,519,10,104.0758664880038,32,18,within an hour,布朗熊萌HOUSE/市中心·春熙路·太古里·距地铁2、3号线150米,子,1,https://www.airbnb.com/rooms/21071994?location=Chengdu%2C%20Sichuan%2C%20China,10,100
False,,2.0,30.649523172669678,127757056,1.0,1.0,,,1.0,April 2017,100%,20763535,2,,104.08898040014374,45,14,within an hour,【斑斓】春熙路、太古里、东门大桥地铁站温馨一居室,斑斓,1,https://www.airbnb.com/rooms/20763535?location=Chengdu%2C%20Sichuan%2C%20China,,
True,5,2.0,30.650383989149535,132145083,1.0,1.0,生活,10,1.0,May 2017,100%,20200112,495,10,104.0828807148752,80,20,within an hour,浪游-停云【精致格调】【胶囊咖啡】成都市中心高档小区下楼太古里春熙路近九眼桥超高层天际线景观大阳台,小马,1,https://www.airbnb.com/rooms/20200112?location=Chengdu%2C%20Sichuan%2C%20China,10,100
True,5,2.0,30.648995671195834,93068403,1.0,1.0,"成都,喜欢旅行",10,1.0,September 2016,100%,21399772,174,10,104.07426193255876,44,15,within an hour,A toy house of Peng’s#太古里春熙路地铁双线火锅hotpot兰桂坊bar带你飞,筱筱,1,https://www.airbnb.com/rooms/21399772?location=Chengdu%2C%20Sichuan%2C%20China,10,99
True,5,2.0,30.626621100297704,59592022,1.0,1.0,,10,1.0,February 2016,100%,16458338,5871,10,104.08296134812834,40,11,within an hour,【桃符】下楼就是太古里的精致套一/春熙路/IFS/九眼桥地铁房,秋秋,1,https://www.airbnb.com/rooms/16458338?location=Chengdu%2C%20Sichuan%2C%20China,10,99
True,5,2.0,30.66429872419252,113633069,1.0,1.0,,10,1.0,January 2017,100%,19021562,171,10,104.0728586964986,92,19,within an hour,高空全落地窗豪宅·春熙路·宜住2人·太古里·锦里·宽窄巷子·100寸大屏投影电视·编号#3,晗璐,1,https://www.airbnb.com/rooms/19021562?location=Chengdu%2C%20Sichuan%2C%20China,10,100
True,5,3.0,30.65471263168856,50695821,1.0,1.0,"起床那会儿全天反应最慢,夜间动物一个。喜欢海岛以及小动物。",10,1.0,December 2015,100%,17546312,216,10,104.07000809137931,39,20,within an hour,My cozy loft in downtown-not spacious but so nice!,Xiyuan,1,https://www.airbnb.com/rooms/17546312?location=Chengdu%2C%20Sichuan%2C%20China,10,98
True,5,3.0,30.650235615134793,24693317,1.0,1.0,"平生所愿行万里路,吃天下美食。爱生活和艺术,本专业雕塑,副业文身。希望我们能成为朋友,也希望您的旅途漫长,充满奇迹和发现。",10,1.0,December 2014,100%,21103197,698,10,104.08496457689621,39,41,within an hour,Klein blue|楼下就是太古里/春熙路商圈黄金地段/双地铁艺术套房电梯公寓,Lynn,1,https://www.airbnb.com/rooms/21103197?location=Chengdu%2C%20Sichuan%2C%20China,10,98
True,5.0,2.0,30.65117578504687,50618616,1.0,1.0,"爱生活、爱自由、爱旅游的四川妹儿,厌恶了千篇一律的银行工作,毅然决绝的辞职看似还不错的工作。喜欢分享、喜欢美食、喜欢自由,偶尔有点小清新小文艺,喜欢海浪沙滩、喜欢略带神秘的地方,独自一人去过尼泊尔。512地震时处于地震震中,从那时就懂得了生命的脆弱和宝贵,不愿浪费太多生命在人生的无意义的事情上。所以,如果你也是个爱分享的朋友,那么我会很乐意的和你分享我的房间、分享我们彼此的经历。
最后,欢迎你们来我家!",9,1.0,December 2015,100%,16524319,99,10,104.07299611845383,42,20,within an hour,咖啡情调+豪华夜景+春熙路太古里500m九眼桥宽窄巷子新南门锦里地铁口+情侣套房(可住2人),鲜,1,https://www.airbnb.com/rooms/16524319?location=Chengdu%2C%20Sichuan%2C%20China,10,95
True,5,4.0,30.649153095724866,91971684,2.0,1.0,,10,2.0,August 2016,100%,18645565,402,10,104.07394106132426,44,39,within a few hours,A【荷尔蒙小屋】春熙路/IFS/太古里/宽窄巷子/锦里,Anamy,1,https://www.airbnb.com/rooms/18645565?location=Chengdu%2C%20Sichuan%2C%20China,10,98
True,5,4.0,30.645662086569857,26781893,1.0,1.0,..,10,1.0,January 2015,100%,18171205,968,10,104.08402795858773,40,18,within an hour,〖拾意〗Loft公寓近太古里 春熙路 兰桂坊[City Center Loft Apartment],Janet,1,https://www.airbnb.com/rooms/18171205?location=Chengdu%2C%20Sichuan%2C%20China,10,97
True,5.0,2.0,30.65291406694326,98815276,1.0,1.0,"一个常常自认为是东南亚人的地道成都妹子,曾经在新加坡学习酒店管理,回国后我开始了这一次无比向往的尝试!!在我走遍东南亚的那些旅途中从订酒店到爱上airbnb我深知旅客在旅途中获得怎样的体验感才是高幸福值!所以我将把那些年最难忘的旅行记忆都通通填满在我的小屋!希望你们能喜欢。",10,1.0,October 2016,100%,16237646,1684,10,104.08191265677215,27,21,within an hour,100米步行到太古里.近邻IFS/春熙路商圈/地铁口二号线,Stephy,1,https://www.airbnb.com/rooms/16237646?location=Chengdu%2C%20Sichuan%2C%20China,10,96
True,5,2.0,30.651313687815833,105391620,1.0,1.0,80后姐姐~喜欢美食、旅游、买买买,10,1.0,November 2016,100%,19671574,276,10,104.0861671695356,34,16,within an hour,『都市小调』市中心/太古里/ifs/春熙路/地铁旁大床房(点击头像查看更多房源),梨果儿,1,https://www.airbnb.com/rooms/19671574?location=Chengdu%2C%20Sichuan%2C%20China,10,99
False,4.5,3.0,30.650575596999317,119858620,1.0,1.0,"     我是一个普通但是非常善良热情的女孩。我喜欢交朋友,喜欢追剧,喜欢逛街,也是一个实施在在的吃货!我的房子是一个干净舒适的小屋,房间的一切都是我精心打理的。里面的配套设施都非常齐全,能为您们考虑到的,我会通通考虑进去,希望你们住在我的房子里,能感受到家的温暖和随意,如果你想预定的日期已经订出去了可以点击我头像查看其他房源哦~",10,2.0,March 2017,100%,19938344,502,10,104.08328638471974,29,41,within an hour,Sonata- Pro / Nordic minimalist style,迎春,1,https://www.airbnb.com/rooms/19938344?location=Chengdu%2C%20Sichuan%2C%20China,10,94
False,4.5,3.0,30.652633933004317,70929124,1.0,1.0,由房东哥哥、房东弟弟、房东妹妹组成的快乐大家庭!,9,1.0,May 2016,100%,20648795,316,10,104.08312347272266,36,7,within an hour,【第2家】楼下就是太古里的榻榻米私影可以住3个人的一居室!,思雨,1,https://www.airbnb.com/rooms/20648795?location=Chengdu%2C%20Sichuan%2C%20China,10,86
False,,4.0,30.662595950194845,106451694,2.0,1.0,"       爱吃爱逛爱玩的90后女青年一枚,家乡在山西。来成都四川大学读了4年书,沉迷成都的蕴味儿,于是就不想走了。大学学的是旅游,于是就跟男朋友合计着做了民宿。
       三味名宿的名字来源于鲁迅的《三味书屋》,我们非常认同刻的那个“早”是一种非常好的生活观。而三味我们进行了重新诠释:书味儿,房间里不仅仅摆书,我们也力求让每个房间的装修风格充满书卷气;家味儿,不仅仅可以下厨做饭,房间的床上用品、拖鞋等都会每客消毒,跟住家里一样;人情味儿,不仅每一个客人我们都会接待,同时也能做好当地向导,知无不言言无不尽。
       我们是一个对产品和用户体验都很偏执的一个团队。见过了太多糟糕的酒店产品,于是很想把自己对住宿产品的理解添加进去,为更多的人创造更好的旅途住宿体验。民宿给了我一个机会,相信我一定能够让来我家的人都感到满意。
       最爱的一件事儿,是跟人聊天。聊聊从哪儿来,谈谈到哪儿去,再说说脚下的路。",10,2.0,December 2016,100%,22851716,1,10,104.08243269929038,38,13,within an hour,"【三味】古韵茶香,春熙路/宽窄巷子/太古里/地铁3号线/精装套二/可以停车",我才是小松鼠,1,https://www.airbnb.com/rooms/22851716?location=Chengdu%2C%20Sichuan%2C%20China,10,100
True,5,2.0,30.651311638106346,121173003,1.0,1.0,"hi,我是小米:)谢谢您选择我们家民宿。我家现在有两套民宿,分别是「遇见」和「时光」,在成都市春熙路商圈,如果你来成都旅行,又正好喜欢我的房子,我非常欢迎你入住我们民宿噢~",10,1.0,March 2017,100%,17756645,2081,10,104.0803550233259,37,18,within an hour,「遇见」成都春熙路太古里IFS兰桂坊双地铁商圈/北欧温馨house,小米,1,https://www.airbnb.com/rooms/17756645?location=Chengdu%2C%20Sichuan%2C%20China,10,99
True,5.0,2.0,30.65073546667785,59168243,1.0,1.0,爱装修、爱分享、爱旅行!,10,1.0,February 2016,100%,15248199,1588,10,104.08089287216342,84,22,within an hour,[云曦-景]太古里/地暖/投影/高层/景观/轻奢套房,Jane,1,https://www.airbnb.com/rooms/15248199?location=Chengdu%2C%20Sichuan%2C%20China,10,100
False,,4.0,30.647288893385696,163559490,2.0,1.0,"有朋自远方来,不亦乐乎。我热情好客,随和大方。",,2.0,December 2017,100%,22370163,4,,104.08149158389827,48,25,within an hour,"(合江亭@爱情)地处市中心,府南河边步行范围内/春熙路/太古里/兰桂坊@混搭风感受休闲之成都魅力",王晓波,1,https://www.airbnb.com/rooms/22370163?location=Chengdu%2C%20Sichuan%2C%20China,,
False,5,2.0,30.64996455256733,17962885,1.0,1.0,"热情好客的房东曾经从事时尚行业,十足的酒店控,总是精选为自己的旅行挑选住处,住过很多国家不同奢华的传统的设计型的酒店,总是在为眼睛寻找房子。深得知良好的住宿体验带给旅行的幸福感。也想要把这种一进屋就油然而生的幸福感带给同样喜爱旅行热爱美,热爱生活的每一位airbnb客人。",10,1.0,July 2014,85%,8681401,4590,10,104.08307800603474,97,38,within an hour,"【SUMMERISLAND】WD36春熙路 太古里 IFS,豪华套房near Metro",Rui,1,https://www.airbnb.com/rooms/8681401?location=Chengdu%2C%20Sichuan%2C%20China,10,99
False,5,2.0,30.669071955447407,67907075,1.0,1.0,,10,2.0,April 2016,100%,14449863,1027,10,104.09150163640307,26,7,within an hour,市中心高层观景带秋千的公寓/Answer精品民宿,Yuewen,1,https://www.airbnb.com/rooms/14449863?location=Chengdu%2C%20Sichuan%2C%20China,10,96
True,4.5,3.0,30.653245014187632,81792718,1.0,1.0,"我是欧,一个诗和远方的退伍军人,部队里我就很喜欢行走,转业后因为阴差阳错,做上了与人打交道的行业。我喜欢大家都来分享我设计的房子,也喜欢你们由衷的满足的赞美。我也喜欢聆听你们的故事。也愿意把你们的故事放在房间里分享给更多的人。",10,1.0,July 2016,100%,19779813,99,10,104.0856262066331,79,12,within an hour,subway/downtown 【meet the stars】Viewing room,欧,1,https://www.airbnb.com/rooms/19779813?location=Chengdu%2C%20Sichuan%2C%20China,10,94
True,5,4.0,30.64928172061893,146890385,2.0,1.0,"光和光怎么打招呼,最黑的地方见
",9,2.0,August 2017,100%,20566257,388,10,104.09091723192431,53,23,within an hour,Colorful houses/Chunxi Road,Maxine,1,https://www.airbnb.com/rooms/20566257?location=Chengdu%2C%20Sichuan%2C%20China,9,95
True,5,2.0,30.64634941832196,10602408,1.0,1.0,,9,1.0,December 2013,100%,19539279,963,10,104.08403974089975,34,13,within an hour,MOHUANG|紧邻太古里.春熙路.地铁站步行可到楼下就是无早lotus文艺爆棚交通便利采光超好,Rex,1,https://www.airbnb.com/rooms/19539279?location=Chengdu%2C%20Sichuan%2C%20China,10,95
True,5,3.0,30.653910851214693,67868634,1.0,1.0,,10,1.0,April 2016,100%,17481136,1969,10,104.07439725342508,47,20,within an hour,[Silver Star银星]地铁线双线成都春熙路太古里商圈高空景观北欧设计感套房,Ellie,1,https://www.airbnb.com/rooms/17481136?location=Chengdu%2C%20Sichuan%2C%20China,10,98
True,5,3.0,30.64622322667229,76671584,1.0,1.0,"嘿!大家好,我是房东梅梅和盖盖,两个大男孩。很高兴能与旅途中的你相遇。

盖盖从小就喜欢画画、设计,0美术基础的他大学的时候凭着爱好创办了自己的手工品牌“盖盖儿”。在《城市画报》举办的i-Mart,宽窄巷子创意市集,草莓音乐节创意市集都能见到他的身影。2010年应邀参加湖南卫视《天天向上》节目录制,其后被《1626》、《城画》等杂志报道。2011年,盖盖前往台湾交换学习,一年的时间他住过46家台湾民宿,在太平洋暖风吹来的那个秋天,他感受到台湾最美的风景——人情。他就一直期盼着将台湾的人情味带回成都。

梅梅,一个生活全能王,做得一手好菜,调得一杯好饮料。考大学的时候,选择了自己最喜欢的旅游专业,从此一发不可收拾。一有时间就全世界疯跑,即便没有时间出国,也要在自己喜欢的城市闲逛。他讨厌人多的地方,所以专门走街串巷,找寻最具有这个城市气息的风景和味道。他能列出来的小店,你真的是要认认真真打着灯笼去寻找。

两个带着小小梦想的男孩一拍即合,在民宿市场越开越像酒店的年代,我俩想开一间店,用心经营,想与你坐下来聊聊天,帮你规划线路,教会你做一道川菜,又或者帮你为你心爱的做个精美的礼品……我们始终相信选择Airbnb意味着一段新的奇妙旅行的开始。

所以,就从和我俩说话开始吧!希望我们有趣的建议,会让你立刻开心起来。",10,2.0,June 2016,100%,15919541,3257,10,104.11697660977863,20,68,within an hour,『梅盖子』的小屋|东二环万年场双地铁/BRT房|创意达人的房间|2床3人|最美人情风景|小清新文艺范,概,1,https://www.airbnb.com/rooms/15919541?location=Chengdu%2C%20Sichuan%2C%20China,10,100
True,,4.0,30.65195743074221,135371619,1.0,1.0,"我们是小豪&amp;ming ,我们喜欢旅游喜欢设计,相信设计在生活中无处不在。我们用心设计每一个房间,亲肤的床上用品,严苛的卫生标准。对于每个房子的要求很简单,就是自己也很愿意住在里面,欢迎大家来小坐休息:)",10,2.0,June 2017,100%,22416130,61,10,104.07044367851839,37,25,within an hour,【小坐|胡桃夹子】新房特惠!步行至春熙路太古里商圈/300英寸私人影院/地铁1号线旁/高空景观套房,小坐民宿,1,https://www.airbnb.com/rooms/22416130?location=Chengdu%2C%20Sichuan%2C%20China,10,100
True,5,2.0,30.640602173641735,82427556,1.0,1.0,"        我是一个电视工作者,在地方电视台工作了近十年,慢慢发现自己内心对生活有了更多的渴望,于是开了一家小小的咖啡馆。每天和我的爱好在一起。品着各种豆子的不同风味,享受每天的悠闲时光...
       我喜欢看着形形色色的人们来到咖啡馆。有的来享受午后时光,有的喝完匆匆离开,有的会和我聊聊天,有的我们成为了朋友..在这里遇到很多有趣的人,讲着他们各自的故事,这种感觉太棒了!接下来我便一发不可收拾的爱上了这样的生活,和妻子双双辞去稳定的工作,把所有的积蓄换了一辆房车,准备去感受这个世界更多的美好与未知.....慢慢觉得和客人在咖啡馆的时间太短暂,所以,把民宿开进咖啡馆里,要知道,你在成都游玩之余,还有个朋友在咖啡馆里等你..我喜欢做吃的,擅长川味,如果你需要,我可以准备一桌地道的川菜等着你,再或者能与你交流川菜与其它菜系的不同和精髓。",10,2.0,July 2016,97%,20963850,131,10,104.08340653546382,35,13,within an hour,【故驿】2️咖啡夫妇邀您【住进咖啡馆】九眼桥高层绝美景观,C,1,https://www.airbnb.com/rooms/20963850?location=Chengdu%2C%20Sichuan%2C%20China,10,98
True,5,2.0,30.646642167986897,71014929,1.0,1.0,,10,1.0,May 2016,100%,16582019,1018,10,104.09124885722802,14,21,within an hour,近春熙路 太古里 九眼桥 川大  地铁牛王庙站旁温馨舒适房间,鹏飞,1,https://www.airbnb.com/rooms/16582019?location=Chengdu%2C%20Sichuan%2C%20China,10,96
True,5,2.0,30.651824636861093,56554982,1.0,1.0,"Bunny。旅行重症患者与辣椒美食爱好者(*´︶`*),目前走了21个国家,住过五十多间民宿,我的梦想就是在世界地图上留下我一个一个脚印,the world is waiting for u!
Hi there,I'm Bunny, i have been to 21 countries already and lived almost fifty bnbs, love the experience of it, eventually i am supposed to be a host to meet u and exchange our travelling story. (*´︶`*) 
",10,1.0,January 2016,100%,19321122,685,10,104.08543496120647,32,26,within an hour,新春特惠~斑马·斑马Zebra 成都市中心春熙路太古里IFS九眼桥宽窄巷子双地铁站cozy room,Bunny,1,https://www.airbnb.com/rooms/19321122?location=Chengdu%2C%20Sichuan%2C%20China,10,99
True,5,4.0,30.646090305153983,22705521,1.0,1.0,我们喜欢旅行 热爱生活 也到过不同的国家感受过不同风格的民宿和民宿主人给我们带来的快乐和温暖 欢迎你和你的朋友家人来到我们成都的小家 希望我们能把善的缘分传递给你们 ,10,2.0,October 2014,100%,21069646,815,10,104.08240712753268,47,39,within an hour,跃层LOFT 100寸家庭影院 步行至太古里/春熙路 兰桂坊 复古北欧风Vintage临地铁,Jet&amp;Vincy,1,https://www.airbnb.com/rooms/21069646?location=Chengdu%2C%20Sichuan%2C%20China,10,99
False,,1.0,30.64027967915271,42751588,1.0,1.0,,10,1.0,August 2015,100%,22385115,112,10,104.09206880825869,14,23,within an hour,"俯瞰九眼桥全夜景,步行春熙路,太古里,独享小屋,醉美成都",胖子,1,https://www.airbnb.com/rooms/22385115?location=Chengdu%2C%20Sichuan%2C%20China,10,100
True,5,4.0,30.651128786888467,137281514,1.0,1.0,"hello!这里是蟹球球( ˙˘˙ )欢迎来到我的房间,我是一个爱旅游,爱电影,爱音乐,爱动物,喜欢享受生活90后女生。在平时生活中,我最喜欢的事就是趁着休息时间静下心来照顾我的植物,帮它们松松土,驱驱虫。照顾植物十分考验和锻炼耐心,我希望我用我的耐心能照顾到每一位来我家作客的客人~我希望你们都来成都旅游,来我家作客,让你们感受成都人民的热情噢~ vx (idreamLA_X)",10,2.0,June 2017,100%,20562022,409,10,104.08603963326416,36,15,within an hour,XQQ|初恋  市中心楼下就是太古里春熙路ifs/地铁交通便利/精致北欧独立套房/,蟹,1,https://www.airbnb.com/rooms/20562022?location=Chengdu%2C%20Sichuan%2C%20China,10,95
True,5,3.0,30.649976039386328,135371619,1.0,1.0,"我们是小豪&amp;ming ,我们喜欢旅游喜欢设计,相信设计在生活中无处不在。我们用心设计每一个房间,亲肤的床上用品,严苛的卫生标准。对于每个房子的要求很简单,就是自己也很愿意住在里面,欢迎大家来小坐休息:)",10,2.0,June 2017,100%,20781997,134,10,104.08529244481326,39,13,within an hour,【小坐|薄荷时光】圣诞限定!步行2分钟到太古里春熙路/绝对市中心/IFS/高空景观/精致北欧风的家,小坐民宿,1,https://www.airbnb.com/rooms/20781997?location=Chengdu%2C%20Sichuan%2C%20China,10,98
False,5,2.0,30.65144959142852,94454256,1.0,1.0,,9,1.0,September 2016,100%,20467522,364,10,104.07339410575437,32,25,within an hour,【叮叮猫dragonfly】春熙路/太古里/IFS/天府广场/大慈寺,Jingyu,1,https://www.airbnb.com/rooms/20467522?location=Chengdu%2C%20Sichuan%2C%20China,10,97
False,,1.0,30.653788470007846,43556894,1.0,1.0,,10,1.0,September 2015,100%,21387224,94,10,104.0894463208024,26,15,within an hour,太古里英伦跃层情侣大床房,克,1,https://www.airbnb.com/rooms/21387224?location=Chengdu%2C%20Sichuan%2C%20China,10,100
True,5,2.0,30.6532816580393,123332021,1.0,1.0,"实在不知道该怎么自我介绍,在成都表达热情的唯一方式就是:你来住我家,我来带你耍。
",10,1.0,March 2017,100%,18043613,1498,10,104.07620579842379,27,23,within an hour,【胡子小姐的1号小筑】春熙路· 太古里· IFS ·宽窄巷子距地铁2、3号线350米 ·最成都体验,子,1,https://www.airbnb.com/rooms/18043613?location=Chengdu%2C%20Sichuan%2C%20China,10,98
True,5,3.0,30.65085294087475,143499655,1.0,1.0,,10,2.0,July 2017,100%,20177215,369,10,104.08576091151208,39,38,within an hour,•赞驻• 春熙路/太古里/IFS/九眼桥/城市生态栖居,超,1,https://www.airbnb.com/rooms/20177215?location=Chengdu%2C%20Sichuan%2C%20China,10,99
True,5,2.0,30.64703797447593,138092210,1.0,1.0,"真诚友善,热情实在;爱好广泛,值得信赖,I got my FREESTYLE 哈哈(^ω^)",10,1.0,July 2017,100%,20611690,326,10,104.08268215865392,32,15,within an hour,#光源民宿.THE LIGHT SPACE#兰桂坊/太古里/春熙路/九眼桥/合江亭五分钟内到达,朋鸟,1,https://www.airbnb.com/rooms/20611690?location=Chengdu%2C%20Sichuan%2C%20China,10,99
True,5,2.0,30.65008400632659,89454619,1.0,1.0,,10,1.0,August 2016,100%,21105708,255,10,104.08691740784246,32,18,within an hour,迎接新年【九月 Sep】楼下就是太古里/2、3号线双地铁/春熙路/九眼桥/复古风,林,1,https://www.airbnb.com/rooms/21105708?location=Chengdu%2C%20Sichuan%2C%20China,10,96
True,5,2.0,30.647062035501797,105204266,1.0,1.0,,10,2.0,November 2016,100%,18857162,489,10,104.082515821096,29,20,within an hour,【观南】整套出租公寓-春熙路、太古里、兰桂坊和地铁站近在咫尺(步行5min可到达)闹中取静北欧风小屋,Liu,1,https://www.airbnb.com/rooms/18857162?location=Chengdu%2C%20Sichuan%2C%20China,10,99
True,5,2.0,30.660227454216134,44310157,1.0,1.0,"Hello everyone, 
time passed so fast that it's been two years since I became an airbnb host. This job gives me countless happiness and gratitude, making my life filled with surprise and new experience. Getting to know different kind of people, and some of them even become friends, is absolutely the best part of this job.
I want to say thank you for choose my apartment, and thank you for choosing me, my dear guest. 

",10,1.0,September 2015,100%,15208179,708,10,104.08664434132469,31,23,within an hour,[糖果家]  成都春熙路太古里IFS宽窄巷子地铁站雅致舒适的熊猫公寓,Chunxiao,1,https://www.airbnb.com/rooms/15208179?location=Chengdu%2C%20Sichuan%2C%20China,10,98
True,5,2.0,30.66817259984297,123831688,1.0,1.0,"用自己全部的热情来对待每一位房客。
",10,1.0,April 2017,100%,20633245,195,10,104.09221692857955,26,12,within an hour,"[Wind ]民宿,近春熙路,太古里,339电视塔 。",毅,1,https://www.airbnb.com/rooms/20633245?location=Chengdu%2C%20Sichuan%2C%20China,10,98
False,5,2.0,30.651755097609705,20787956,1.0,1.0,"[The light at the end worth all the pain] 
I'm a accessory designer and thought travel is another part of our life. Love music and movies,  that's why all my house serves great experience for movie watching. ",10,1.0,September 2014,100%,16185939,389,10,104.08394729629705,29,13,within an hour,淡季特价!Eve's home-直抵太古里榻榻米日式风情屋,Eve,1,https://www.airbnb.com/rooms/16185939?location=Chengdu%2C%20Sichuan%2C%20China,10,96
False,4.5,2.0,30.657683497761784,147740682,2.0,1.0,,9,2.0,August 2017,100%,21317492,121,9,104.05252950328598,38,32,within an hour,民宿·露春纤把花笑捻(市中心·宽窄巷子),缱绻,1,https://www.airbnb.com/rooms/21317492?location=Chengdu%2C%20Sichuan%2C%20China,9,91
True,5,4.0,30.64771684997535,89454619,1.0,1.0,,10,2.0,August 2016,100%,19751362,472,10,104.0833635812027,36,21,within an hour,"迎接新年【六月 June】楼下就是文艺美食镗鈀街,近太古里/兰桂坊/2号线,出门沿着府南河走一走~",林,1,https://www.airbnb.com/rooms/19751362?location=Chengdu%2C%20Sichuan%2C%20China,10,99
False,5,2.0,30.657163628193747,42218062,1.0,1.0,,10,1.0,August 2015,96%,15116815,1263,10,104.08320595877045,20,17,within an hour,位于春熙路和太古里的观景次卧【非独立卫浴】,强,1,https://www.airbnb.com/rooms/15116815?location=Chengdu%2C%20Sichuan%2C%20China,10,98
False,5,4.0,30.65685109825462,42218062,2.0,1.0,,10,2.0,August 2015,96%,17466768,1517,10,104.07710424555826,31,18,within an hour,120寸家庭影院\春熙路地铁旁边整套两居室\太古里,强,1,https://www.airbnb.com/rooms/17466768?location=Chengdu%2C%20Sichuan%2C%20China,10,95
False,5,2.0,30.658794179124364,42218062,1.0,1.0,,10,1.0,August 2015,96%,16816422,3854,10,104.07448188302733,29,22,within an hour,120寸家庭影院\春熙路地铁旁边整套公寓\太古里,强,1,https://www.airbnb.com/rooms/16816422?location=Chengdu%2C%20Sichuan%2C%20China,10,96
True,5,2.0,30.648361990770496,131174921,1.0,1.0,"坐在嘎吱响的老飞机上飞越过珠峰、在尼泊尔的寺庙虔诚祈祷、在土耳其的热气球上眺望过远方。
喜欢潮流、旅行和收藏老物件,目前热衷于房屋改造。
我也在一些国家和地区的家庭有过短暂的生活,并将当地我所认为有趣的物件带了回来组成了你所看到的这个空间。
希望这里可以成为你在成都的家,像我一样喜欢上在这里的时光。",10,1.0,May 2017,100%,20775756,218,10,104.07457004431829,26,55,within an hour,"☆ APA MINSHUKU ☆
世界再大,大不過在成都有個家為你留了一盞燈。",Leslie,1,https://www.airbnb.com/rooms/20775756?location=Chengdu%2C%20Sichuan%2C%20China,10,99
False,,4.0,30.645752524881477,155088972,2.0,1.0,,10,2.0,October 2017,100%,22619358,12,10,104.10299301180946,65,20,within an hour,"新房特惠|近太古里春熙路顶层文艺二居室,视野超棒!可俯瞰半个成都。北欧风装修。",Typhoon,1,https://www.airbnb.com/rooms/22619358?location=Chengdu%2C%20Sichuan%2C%20China,10,100
False,5,4.0,30.646588051129115,40552414,1.0,1.0,,10,2.0,August 2015,100%,20565428,321,10,104.08199057572266,34,35,within an hour,【普樂宿公寓·壹号馆】猫咪森林★市中心 太古里 交通便利 酒吧街 美食街,Nicole,1,https://www.airbnb.com/rooms/20565428?location=Chengdu%2C%20Sichuan%2C%20China,10,98
False,5,2.0,30.656568824837926,42218062,1.0,1.0,,10,1.0,August 2015,96%,16816094,2153,10,104.07662585757481,29,21,within an hour,130寸家庭影院\春熙路地铁旁边整套公寓\太古里,强,1,https://www.airbnb.com/rooms/16816094?location=Chengdu%2C%20Sichuan%2C%20China,10,96
True,5,4.0,30.646646401693776,22705521,1.0,1.0,我们喜欢旅行 热爱生活 也到过不同的国家感受过不同风格的民宿和民宿主人给我们带来的快乐和温暖 欢迎你和你的朋友家人来到我们成都的小家 希望我们能把善的缘分传递给你们 ,10,2.0,October 2014,100%,18997770,1413,10,104.08237208209758,44,43,within an hour,DOWNTOWN LOFT/Near Tai KooLi Chunxi Road/Subway,Jet&amp;Vincy,1,https://www.airbnb.com/rooms/18997770?location=Chengdu%2C%20Sichuan%2C%20China,10,99
True,5,2.0,30.668092572633253,108520020,1.0,2.0,一个在大街上卖花生的。,10,1.0,December 2016,100%,20295318,272,10,104.0787764445268,16,19,within an hour,[LaLaLand摄影民宿]简约工业风地铁口紧邻文殊院/春熙路/宽窄巷子,Demo,1,https://www.airbnb.com/rooms/20295318?location=Chengdu%2C%20Sichuan%2C%20China,10,99
True,5,2.0,30.645812466507262,96797587,1.0,1.0,"hello,我是空间设计师小峰。和大多数人一样,我爱旅行,爱电影,爱音乐。最喜爱泰国的皮皮岛,喜欢《美丽心灵》。喜欢乐队gun's rose’喜欢科特柯本。我的梦想是想要参加全世界的音乐节。想要认识很多有趣的人。
我的格言是:享受生活,享受设计。",10,1.0,September 2016,100%,16853604,2302,10,104.08406692070649,40,24,within an hour,【十二间 - 贰】春熙路loft户外露台-设计师的家,Zach,1,https://www.airbnb.com/rooms/16853604?location=Chengdu%2C%20Sichuan%2C%20China,10,96
False,5,2.0,30.650496598063977,147157697,1.0,1.0,,10,1.0,August 2017,,21070649,518,10,104.07666606079253,41,26,,A【视锦】春熙路/IFS/红星路/太古里/地铁,玲,1,https://www.airbnb.com/rooms/21070649?location=Chengdu%2C%20Sichuan%2C%20China,10,95
True,5,2.0,30.65203954197215,70732224,1.0,1.0,"I am a faculty member of History Department at Shanghai Jiao Tong University. I have a flat in Shanghai and another flat in downtown Chengdu. Sometimes I will fly back and forth between two cities. 
In Shanghai, I live in a 4 bedroom flat with my very friendly cat. The flat is cleaned by a maid 3 times a week and has sufficient sunlight and fresh air. I am a very easy going and friendly landlord. All guests are more than welcome to join the community of my graduate students and hang out together.",10,1.0,May 2016,100%,13445146,1866,10,104.07807763834647,53,25,within an hour,1 cozy modern bedroom flat at DT Chengdu,Chihyun,1,https://www.airbnb.com/rooms/13445146?location=Chengdu%2C%20Sichuan%2C%20China,10,98
True,5,2.0,30.652411637927322,109190314,1.0,1.0,,10,1.0,December 2016,100%,22835413,515,10,104.08413154547901,44,12,within an hour,【洛丽塔】美拍网红/泡泡池网红/太古里/春熙路/小区后门就是太古里,Yoyo,1,https://www.airbnb.com/rooms/22835413?location=Chengdu%2C%20Sichuan%2C%20China,10,100
False,4.5,5.0,30.650700605686442,97088809,2.0,1.0,,9,2.0,September 2016,100%,15290108,1158,10,104.07275128206277,32,23,within an hour,"1号我们还需要改进,求每位亲的建议。7楼套二越三层温心房,周围春熙路、太古里、天府广场",留,1,https://www.airbnb.com/rooms/15290108?location=Chengdu%2C%20Sichuan%2C%20China,10,94
True,4.5,2.0,30.65039452541603,36218200,1.0,1.0,"Hello ~
一次法国之行让我和好友Debbie 了解了Airbnb,并通过它有了一次愉快自由惬意的旅行,让我们收获甚多｡回国后,准备把法国体验到的住宿体验,和当地人的浪漫情怀带给其他朋友｡
Debbie 是有位品位的画师,她知道什么样的装潢是最温馨的｡我们尽力塑造精致,优雅,有品味的房子。我希望通过我们的努力和精心布置,让房子呈现出一派温暖舒适,简洁便利,又不失美感,让你和伙伴来成都也有回家的感觉｡
我真切希望,我们的房子能给你留下一个美好的回忆^_^

Hello ~
这里是{幻想家民宿}如果这套不是你喜欢的风格,或者你选择的日期已被预定,可以点击我的头像选房,我们有六套不同风格的套房,坐落在成都市中心不同地方。
来幻想家民宿(New Fantasy House)满足你对家的幻想。

2017年8月我和Debbie创建了{微型画廊}北欧风格装饰画设计工作室,如果你喜欢这类风格的装饰画,可以来我们工作室参观。也可以逛逛我们的淘宝店铺:微型画廊,或者关注微博:Debbie没睡醒。
",9,1.0,June 2015,100%,10141814,8378,10,104.08643502475243,41,16,within an hour,【月桂小屋】太古里IFS春日暖灰北欧风温馨双人公寓,Queenie,1,https://www.airbnb.com/rooms/10141814?location=Chengdu%2C%20Sichuan%2C%20China,10,94
True,5,2.0,30.650819412414098,58573890,1.0,1.0,"Hi,我是从西班牙回国的Flavia,爱环游世界也爱与旅途中的你分享见闻。期待你来成都。",10,1.0,February 2016,100%,17350890,1531,10,104.08502304564198,27,15,within an hour,Flavia-春熙路/太古里/IFS/九眼桥/市中心整套房子,Flavia,1,https://www.airbnb.com/rooms/17350890?location=Chengdu%2C%20Sichuan%2C%20China,10,98
True,5,2.0,30.65917089818238,48857496,1.0,1.0,"喜歡旅行,喜歡咖啡,喜歡笑。生活中大大咧咧的我很注重體驗感,深知良好的住宿帶給旅行的幸福感,想把這種一進屋就回到家的幸福感覺帶給每一位Airbnb的客人。屋裡的咖啡掛耳是我親手烘焙的,咖啡能使人心情愉悅 ,希望旅途中的你和愛笑的我一樣每一天都是快樂的。Enjoying traveling and drinking coffee, not sticking at trifles in life, I pay more attention to the sense of experience. I am well aware of the happiness the high quality living environment has brought to traveling. Airbnb wants to bring the happiness to every guest who will feel at ease as soon as he or she comes to Airbnb. Drip coffee in the room is baked by myself which will make people happy and feel good. I hope, during the traveling, you will turn out to be happy. Just like me, cheerful and cozy. 目前共有兩套房源,分別位於成都最繁華商業中心春熙路和成都最原滋原味歷史名街寬窄巷子,您可以擇日入住,希望能給您帶來家外之家的入住體驗。",10,1.0,November 2015,100%,11454504,3282,10,104.08047086231905,32,21,within an hour,【寻影】2号 IFS.太古里·春熙路.Subway apartment,Yingzi,1,https://www.airbnb.com/rooms/11454504?location=Chengdu%2C%20Sichuan%2C%20China,10,98
True,5,2.0,30.649283717718745,96797587,1.0,1.0,"hello,我是空间设计师小峰。和大多数人一样,我爱旅行,爱电影,爱音乐。最喜爱泰国的皮皮岛,喜欢《美丽心灵》。喜欢乐队gun's rose’喜欢科特柯本。我的梦想是想要参加全世界的音乐节。想要认识很多有趣的人。
我的格言是:享受生活,享受设计。",10,1.0,September 2016,100%,15229039,2222,10,104.08000600017367,31,18,within an hour,【十二间 - 壹】套一春熙路私房客片设计师的家,Zach,1,https://www.airbnb.com/rooms/15229039?location=Chengdu%2C%20Sichuan%2C%20China,10,97
True,5,1.0,30.63875847196703,115901361,1.0,1.0,"Hi,我是璨哥。川妹子目前在成都弄了个自个儿的小屋。
喜欢老电影、独立音乐,以及阅读。此外好奇心旺盛,有一半的好奇心通过各类体验来满足,还有一半大概在与有趣的人漫谈、思想碰击中来填补。
近期的list包括徒步、自由潜,以及变着花为房客做早餐。
如果有幸在同一屋檐下分享早餐、音乐电影或是有趣的思想,希望我们能成为比一天更长的朋友。",10,1.0,February 2017,100%,20808225,445,10,104.09480519877698,18,36,within an hour,春节优惠*【Flying_Fish飞鱼】九眼桥/锦江边——为你做早餐 陪你看电影 单人间/共享客厅,Can,1,https://www.airbnb.com/rooms/20808225?location=Chengdu%2C%20Sichuan%2C%20China,10,99
True,5,4.0,30.647302959440196,24693317,1.0,1.0,"平生所愿行万里路,吃天下美食。爱生活和艺术,本专业雕塑,副业文身。希望我们能成为朋友,也希望您的旅途漫长,充满奇迹和发现。",10,2.0,December 2014,100%,20558062,470,10,104.08279552482618,44,40,within an hour,Greenland|Taikoo Li/IFS/a balcony with a view,Lynn,1,https://www.airbnb.com/rooms/20558062?location=Chengdu%2C%20Sichuan%2C%20China,10,99
True,5,2.0,30.659806464865685,78988599,1.0,1.0,"双鱼女逗逼一名。当过北漂,也露宿过广州的街头;爬过白皑皑的雪山,也驰骋过蔚蓝的大海。看再多风景走再多路,都不如家乡美。成都土著一名,吃遍成都所有苍蝇小馆,走遍大街小巷。只愿把最有情怀的成都,带给每个相遇的你",10,1.0,June 2016,100%,18454054,329,10,104.07940506423483,24,17,within an hour,【一条.熙安】春熙路太古里IFS/三地铁/极致影院舒眠套房,Louis,1,https://www.airbnb.com/rooms/18454054?location=Chengdu%2C%20Sichuan%2C%20China,10,98
True,5,4.0,30.64499134943974,108142949,2.0,1.5,,10,2.0,December 2016,100%,18926220,603,10,104.0788105757863,47,31,within an hour,花生壳3号--春熙路新南门地铁口LOFT复式超温馨度假风双卧双卫套房含儿童用品,小花,1,https://www.airbnb.com/rooms/18926220?location=Chengdu%2C%20Sichuan%2C%20China,10,98
True,5,3.0,30.65113408651571,136483860,1.0,1.0,"喜欢旅游,运动。想认识更多的朋友,发现更多吃吃喝喝玩玩,和你一起分享美好的事物。",10,2.0,June 2017,100%,20533618,496,10,104.0874999302144,39,28,within an hour,【和风】春熙路太古里ifs|地铁旁|100寸投影|日式风格|设计师作品|,Jasmine,1,https://www.airbnb.com/rooms/20533618?location=Chengdu%2C%20Sichuan%2C%20China,10,99
True,5,2.0,30.650613815618968,79620874,1.0,1.0,,9,1.0,June 2016,98%,18845088,716,10,104.0847867951888,47,16,within an hour,「卷一卷」Room1 Piggy | 成都太古里春熙路少女心北欧风【房东还有其他房源噢】,花卷,1,https://www.airbnb.com/rooms/18845088?location=Chengdu%2C%20Sichuan%2C%20China,10,95
True,5,2.0,30.658257605774747,23566741,1.0,1.0,"我叫May,旅游及瑜伽爱好者,每天打理自己的生意,照顾小孩和练瑜伽。自从开始做bnb,觉得好玩又新奇,认识五湖四海朋友的感觉真奇妙,随时联系我问询成都逛吃逛吃的生活吧,乐意认识你们!
My name is May。I love music, travel and Yoga. Chengdu is a wonderful place having lots of interests: Panda House, Width Alley etc.  I am the lucky person to be born here and enjoy the daily life of taking care of family business and my child. It is excellent to meet friends over the world, so don't hesitate to contact me for travel tips in Chengdu! You will experience the authentic Chengdu life from here!",10,1.0,November 2014,100%,18709521,641,10,104.08462244378589,27,19,within an hour,【Fusion#2】悦融居一室高档公寓限时钜惠5分钟太古里楼下地铁市中心春熙路IFS,May,1,https://www.airbnb.com/rooms/18709521?location=Chengdu%2C%20Sichuan%2C%20China,10,96
True,5,2.0,30.66216530987536,54858076,1.0,1.0,"大家好,我是肥桐,【桐花小院】是和好友脑花一起照顾的生活小角落。
我们旅行,从事旅行写作工作;我们臭美,但是热爱生活。
我们保存了热带的沙、变更线的第一缕阳光,以及来自世界各地的小玩意。
希望你在这个“家”中有不一样的旅行。",10,1.0,January 2016,100%,18367378,1540,10,104.08510026958102,29,16,within an hour,【桐花小院】春熙路|太古里|IFS|双地铁 旅行作者的家 位置超赞!,Yokkko,1,https://www.airbnb.com/rooms/18367378?location=Chengdu%2C%20Sichuan%2C%20China,10,97
True,5,3.0,30.646974691067076,22705521,1.0,1.0,我们喜欢旅行 热爱生活 也到过不同的国家感受过不同风格的民宿和民宿主人给我们带来的快乐和温暖 欢迎你和你的朋友家人来到我们成都的小家 希望我们能把善的缘分传递给你们 ,10,2.0,October 2014,100%,20577494,794,10,104.08137700445246,37,42,within an hour,【奶黄】步行至太古里春熙路兰桂坊/清新北欧风 临地铁,Jet&amp;Vincy,1,https://www.airbnb.com/rooms/20577494?location=Chengdu%2C%20Sichuan%2C%20China,10,97
False,4.5,4.0,30.651061573963407,70929124,2.0,1.0,由房东哥哥、房东弟弟、房东妹妹组成的快乐大家庭!,9,2.0,May 2016,100%,20416057,446,10,104.082005950516,44,11,within an hour,【第2家】楼下就是春熙太古里的【私影桌游】二居室!,思雨,1,https://www.airbnb.com/rooms/20416057?location=Chengdu%2C%20Sichuan%2C%20China,10,90
True,5,2.0,30.649998426336317,144598813,1.0,1.0,"Hi,我是猪猪侠,一个爱吃、爱玩儿,爱旅行的成都小亲。我喜欢旅游、运动,也是个十足的电影迷,期待来自世界各地的朋友来我家住,和我分享你们的旅行故事和欢乐时光!",10,2.0,August 2017,100%,20928480,252,10,104.07999564173387,27,32,within an hour,【四时/相思】Chengdu[自助入住]楼下春熙路/ifs太古里/市中心/成都最核心路段/最好的配套,猪猪侠,1,https://www.airbnb.com/rooms/20928480?location=Chengdu%2C%20Sichuan%2C%20China,10,96
True,5,2.0,30.637304637869374,95479087,1.0,2.0,,10,1.0,September 2016,100%,15823643,1857,10,104.0953043740937,26,15,within an hour,My time||木系素调民宿||设计师的房子||带独立卫生间||毗邻府南河廊桥美景||春熙路太古里,春霞,1,https://www.airbnb.com/rooms/15823643?location=Chengdu%2C%20Sichuan%2C%20China,10,100
False,,2.0,30.67247285544319,160421664,1.0,1.0,"我们有11年接待自助游旅行者的成熟经验,位置在成都市中心最成熟的社区,家对面就是文殊坊,周围有很多吃的,很多很多……(如成都著名的小吃宫庭糕点、张凉粉、龙抄手、赖汤圆、老妈兔头等,不到五分钟就可以走到),楼下公交车站和地铁直达市区所有景点。重要的是,您不用做攻略,我们为您准备好了。

我们家的优势是“与众不同”,我们期望提供给来客简单朴实、悠闲自在的生活体验。

家里有一大面墙的好书给您慢慢看,也经常有一些成都本地的学者朋友过来聊天喝茶,美好生活的意义在于有好书可读,有朋友可交流,你说是吗?

如果你是NGO行者、山友,自助旅行者、或者负责任的传媒界人士,或你也喜欢阅读、交流,您兴许会在我们家碰到熟人,也兴许能意外得到您需要的信息 。

我们主张:融入当地人的生活,而不是路过。
我们的定位:像家一样的氛围,小规模、私密、亲切、朴实、舒适、物超所值。

对了,我们家还是  Lonely Planet(孤独星球)中国旅行指南—《四川和重庆》上榜推荐,你可以带上你的故事和经历,还有朋友、小伙伴,我们一起喝喝茶,聊聊天。",,1.0,November 2017,85%,21972582,85,,104.07852696237582,24,21,within an hour,大隐于市/老成都特色/Lonely planet推荐/文殊院旁/生活方便/交通便捷/适合三口之家,小雨,1,https://www.airbnb.com/rooms/21972582?location=Chengdu%2C%20Sichuan%2C%20China,,
True,5,3.0,30.655790227658596,99187912,1.0,1.0,"热爱美食、旅行和设计,性格热情有点小唠叨, 喜欢结识新朋友^_^~",10,1.0,October 2016,100%,15460559,2134,10,104.06691304752923,41,23,within an hour,Very Central 1BR Air Apt. with HD Projector,Sophia,1,https://www.airbnb.com/rooms/15460559?location=Chengdu%2C%20Sichuan%2C%20China,10,96
False,5,4.0,30.654023962123084,154335543,1.0,1.0,"我是蜗牛,叫我牛牛就好了,我特喜欢画画,是名纹身师,来成都玩,不仅带你找到好吃好玩的地方,还能教你画画,给你做纹身哦^_^",10,2.0,October 2017,100%,21327179,138,10,104.07021653388924,27,43,within an hour,太古里盐市口春熙商圈11楼阳光充沛双大床整租,元,1,https://www.airbnb.com/rooms/21327179?location=Chengdu%2C%20Sichuan%2C%20China,10,100
False,5,2.0,30.6396901974262,42751588,1.0,1.0,,10,1.0,August 2015,100%,22336643,232,10,104.09387504181278,14,28,within an hour,"新房特价!九眼桥/春熙路/俯瞰成都中心河景夜景,温馨小屋只属于你",胖子,1,https://www.airbnb.com/rooms/22336643?location=Chengdu%2C%20Sichuan%2C%20China,10,98
True,5,4.0,30.64853917160592,69147450,1.0,1.0,"Hi,我是鱼子酱,一名在川大读研的工科女,欢迎来到junglehouse。",10,2.0,April 2016,100%,12717281,4245,10,104.08267959484714,47,21,within an hour,【限时特价】[room1青山]设计师 地铁300米步行可达太古里春熙路兰桂坊 点房东头像可见其他房源,鱼子酱,1,https://www.airbnb.com/rooms/12717281?location=Chengdu%2C%20Sichuan%2C%20China,10,98
False,5,4.0,30.642590303500423,84375553,2.0,1.0,"简阳移民成都,喜欢交朋友的话唠。",10,2.0,July 2016,95%,20618427,215,10,104.08358012811172,60,45,within an hour,旅途中的私人【影院】 春熙路太古里IFS 可做饭做火锅 配套齐全无各种附加费用,纪柯,1,https://www.airbnb.com/rooms/20618427?location=Chengdu%2C%20Sichuan%2C%20China,10,99
True,5,4.0,30.637788339900606,42886816,1.0,2.0,"我是壁花小姐,这是我精心打造的一个小空间,我想我最拿手的应该是甜品和做饭了吧,欢迎您的光临,希望有机会您可以来品尝壁花的手艺。",10,4.0,August 2015,100%,15282096,1857,10,104.08626252308079,11,23,within an hour,壁花小姐  ~四川大学~九眼桥川音 太古里附近,壁花小姐,1,https://www.airbnb.com/rooms/15282096?location=Chengdu%2C%20Sichuan%2C%20China,10,97
False,5,2.0,30.650731834814895,24691117,1.0,1.0,爱摄影 爱旅行的小胖纸,10,1.0,December 2014,96%,21158672,208,10,104.08051342772555,29,8,within an hour,"脚下太古里、小龙坎火锅,步行3分钟到春熙路地铁站、天府广场、直达宽窄巷子 日式套房",Eden,1,https://www.airbnb.com/rooms/21158672?location=Chengdu%2C%20Sichuan%2C%20China,10,100
False,5,2.0,30.64861615948653,119552757,1.0,1.0,,10,1.0,March 2017,100%,20257515,282,10,104.08706420619546,31,15,within an hour,Flora&amp;Cindy's cozy condo/best location/BTS/metro,Flora,1,https://www.airbnb.com/rooms/20257515?location=Chengdu%2C%20Sichuan%2C%20China,10,98
False,5,2.0,30.651662152340187,150028201,2.0,1.0,,10,2.0,September 2017,100%,21001472,44,10,104.11212273715307,22,31,within an hour,『牛轰轰の家』温馨舒适小套二  整套房 万象城旁 交通便利 临地铁/BRT 可做饭,小馒头,1,https://www.airbnb.com/rooms/21001472?location=Chengdu%2C%20Sichuan%2C%20China,10,100
False,,1.0,30.65176820051436,156869625,1.0,1.0,N+a短租公寓,,1.0,October 2017,100%,22378784,5,,104.07150784638159,32,18,within an hour,N+a短租公寓,新亮,1,https://www.airbnb.com/rooms/22378784?location=Chengdu%2C%20Sichuan%2C%20China,,
True,5,2.0,30.64697957312827,107421481,1.0,1.0,"房东是一个随性生活拥护者 热衷和男朋友旅行电影探店猎奇 同时也是一个民宿超级拥护者 一个人北欧旅行时遇见的哥本哈根养着一只拉布拉多的独居老爷 挪威奥斯陆郊区热爱烹饪的母子 赫尔辛基港口遍与海鸥紧靠的船屋太太 科伦坡城区里跨越种族有爱的马来,赞比亚夫妇 这些我回忆起来比旅行还精彩的民宿房东们 都让我鼓足勇气把我的闲置房间与你分享 希望这个沉静的小小起居室能为你们的成都之旅锦上添花",10,1.0,December 2016,100%,20183083,206,10,104.07404641380452,26,40,within an hour,【七间新房促】春熙路连接新南门车站处 背靠锦江 步行五分钟可至太古里 ifs的优雅现代风格的独立房间,七Felicity,1,https://www.airbnb.com/rooms/20183083?location=Chengdu%2C%20Sichuan%2C%20China,10,98
False,4.5,2.0,30.643708827462333,114733879,1.0,1.0,"一个成都本地大四还未毕业的房东~爱吃爱玩儿,去过很多地方吃过很多东西,喜欢听来来往往的人分享的小故事,当然我也很乐意给你们分享关于我在旅行遇到的一些事,人生目标-吃吃喝喝玩玩乐乐能多颓就多颓的米虫生活,我希望把每一个住进我房子里来的小伙伴都当作朋友而不是单纯的房客,如果你有故事那就来住吧,毕竟破房子最不缺的就是酒哈哈~",10,1.0,February 2017,100%,21386290,142,10,104.09013456760022,24,15,within an hour,"哆哆有间破房子
临春熙路太古里九眼桥",哆,1,https://www.airbnb.com/rooms/21386290?location=Chengdu%2C%20Sichuan%2C%20China,10,94
True,5,3.0,30.64959427956952,118773796,1.0,1.0,爱吃爱玩爱生活,10,2.0,March 2017,100%,20363784,161,10,104.07119487905197,33,17,within an hour,【Z小姐】美式复古森系小屋*步行均可至春熙路*太古里*IFS*天府广场(点击头像看其他房源),Z小姐,1,https://www.airbnb.com/rooms/20363784?location=Chengdu%2C%20Sichuan%2C%20China,10,96
True,5,2.0,30.649967098866735,60017769,1.0,1.0,,10,1.0,February 2016,100%,14909931,1733,10,104.07391451291406,28,20,within an hour,『几米屋』近春熙路地铁口观九眼桥,华民,1,https://www.airbnb.com/rooms/14909931?location=Chengdu%2C%20Sichuan%2C%20China,10,100
True,5,3.0,30.649241878004517,109190314,1.0,1.0,,10,1.0,December 2016,100%,20970700,5857,10,104.08628300812697,36,18,within an hour,网红房【幸】传统日式 和服秀榻榻米 步行春熙太古宽窄巷子/天府广场/锦里/武侯祠  地铁,Yoyo,1,https://www.airbnb.com/rooms/20970700?location=Chengdu%2C%20Sichuan%2C%20China,10,100
True,5,6.0,30.642879944602793,27582968,3.0,1.0,"我定居在成都,是一个标准吃货,欢迎大家来到成都玩,希望能够为您提供一次无与伦比的体验。",10,3.0,February 2015,100%,19497226,271,10,104.08941201168997,81,24,within an hour,[PandaHouse] Lan Kwai Fong|Jiuyanqiao  3BR,Antony,1,https://www.airbnb.com/rooms/19497226?location=Chengdu%2C%20Sichuan%2C%20China,10,95
True,5,2.0,30.65165127663192,70923391,1.0,1.0,"  hello~我是vivi,喜欢听音乐,看电影,在公园散步和赖床~有空的话,可以来我的小家坐坐~没空的话可以等有空的时候来坐坐,嘻嘻(••)这个世界没有陌生人,只有还未相识的朋友~
 很高興見到你
 반갑습니다.
 Nice to meet you.
 Hauska nähdä sinua
 Schön, dich zu sehen
 Très heureux de vous voir
 お会いできてうれしいです
 Senang bertemu dengan Anda
 чамтай уулзахад сайхан байна

",10,1.0,May 2016,100%,15778586,1516,10,104.08610785613199,31,18,within an hour,市中心 LIGHT HOUSE|步行春熙路太古里|浪漫宜居|阳光房,Vi,1,https://www.airbnb.com/rooms/15778586?location=Chengdu%2C%20Sichuan%2C%20China,10,99
False,5,2.0,30.669866832029804,55358467,1.0,1.0,"嗨,我是薇薇,我热爱旅行,非常热爱,中国地大物博,风景或壮美或细腻,历史或厚重或悠远,我渴望着走遍祖国的大好山河。国外我旅行过的地方有瑞士,法国,西班牙,摩纳哥,越南,希望能尽可能多地给来美丽成都旅行的您提供帮助,希望与同样热爱旅行的您成为朋友。

Hi, I'm Iris from Chengdu, I love my country and my city, and I love traveling very much. I've been to Switzerland,France, Spain, Monaco and Vietnam, I hope to try my best to help you and introduce this great city to you.",10,1.0,January 2016,100%,22626252,112,10,104.09416387265401,24,13,within an hour,【木兰花cosy room】春熙路Chunxi Road/太古里Taikoo Li/地铁口,Weiwei,1,https://www.airbnb.com/rooms/22626252?location=Chengdu%2C%20Sichuan%2C%20China,10,100
True,5,3.0,30.64587508692538,111269073,1.0,1.0,"我来自成都,平时很喜欢出去旅游,现在已经习惯了使用airbnb这个平台,让我可以在异乡感受当地人的生活。除了旅游,也很喜欢体育、电影和美食,同时也对我们四川的食物是很满足啊!我是四川人,血液里流淌着辣椒油
I'm from Chengdu China, I really enjoy  I am getting used to use Airbnb, so that I can travel like a local.Apart from that, I like sports, watching movies and delicious food a lot. I'm quite satisfied with Sichuan dishes!  I was born in Sichuan, chili oil flood in my vein.",10,1.0,January 2017,100%,16764390,822,10,104.08456143079586,37,33,within an hour,[5mins' walk to Taikooli] ChengduLifee,Qiuyu,1,https://www.airbnb.com/rooms/16764390?location=Chengdu%2C%20Sichuan%2C%20China,10,98
True,5,4.0,30.673488349527485,136509747,1.0,1.0,,10,2.0,June 2017,100%,20332551,703,10,104.05601687051677,39,35,within an hour,【无恙】柒  ins跃层loft、100寸投影、可住4人、宽窄巷子、天府广场、春熙路,西贡,1,https://www.airbnb.com/rooms/20332551?location=Chengdu%2C%20Sichuan%2C%20China,10,100
True,5,3.0,30.651950799225816,147515562,1.0,1.0,"你好,房东是一名资深的家庭主妇(/笑,房屋平时由房东自己收拾打扫,网上与房客沟通呢,则由房东她那帅气热情可爱善良的在上大学的儿子来负责,没错也就是我(/doge。如果您对房源周边交通路线不熟悉,或是想要在这里好好玩耍一番却“无处下手”,我们都会有精心制作的吃喝行攻略提供,虽不权威,但却都是亲历所录喔。希望来到成都的房客们都能耍得安逸,吃的巴适,住得舒适(/撒花。",10,2.0,August 2017,100%,20633059,703,10,104.08446239598806,34,15,within an hour,「12580」楼下太古里春熙路/市中心双地铁/北欧风精致套房,李二姐,1,https://www.airbnb.com/rooms/20633059?location=Chengdu%2C%20Sichuan%2C%20China,10,98
True,4.5,2.0,30.67038209591526,40845005,1.0,1.0,画家 服装设计师,9,1.0,August 2015,100%,20015152,347,9,104.0684518260992,78,49,within an hour,画家设计师的家02/文殊院、骡马市地铁站/天府广场/博物馆/宽窄/太古里ifs/丽思卡尔顿/喜来登,周小姐,1,https://www.airbnb.com/rooms/20015152?location=Chengdu%2C%20Sichuan%2C%20China,10,94
False,4.5,4.0,30.650644700601227,142352581,2.0,1.0,"活泼大方,开朗热情",9,2.0,July 2017,,21016352,399,9,104.08738700241689,44,45,,A【画师之家】浪漫温馨二居室/天府广场/春熙路IFS/太古里/地铁口旁/市中心/武侯祠锦里/熊猫基地,Xk,1,https://www.airbnb.com/rooms/21016352?location=Chengdu%2C%20Sichuan%2C%20China,9,89
True,5,2.0,30.65199488753855,125269266,1.0,1.0,"我问妈妈为什么把我生的这么黑,妈妈说“我不想我的儿子白活一辈子”,我....(欲言又止)
爱美食甚爱盐帮菜(自贡传统菜系,讲究色香味俱全,意思就是重口味,其他川菜相较于盐帮菜的辣简直就是渣)
旅行是生活的解药.....心往自由,怎奈身在围城。
爱舞蹈、爱音乐、爱生活,有心看人来人往,仍享受柴米油盐。
生活里离不开舞蹈、离不开盐帮菜.....梦想中....哈哈哈.hahahahhaha
我觉得本来就没有陌生人,只有还未相遇的朋友!",10,1.0,April 2017,100%,20408860,470,10,104.07856561404638,46,22,within an hour,"「行·遇 La Meet""」楼下20米左转春熙路右转太古里/双地铁/春熙路/太古里",云,1,https://www.airbnb.com/rooms/20408860?location=Chengdu%2C%20Sichuan%2C%20China,10,97
True,5,2.0,30.653268484347258,92551841,1.0,1.0,"Hi,我是个建筑师,喜欢读书,画画,性格开朗逗逼,在新华路上有个自己的工作室,也把自己的住的地方简单改造了一下,干净清新,有满柜的建筑,艺术图书可以与你分享,欢迎入住我们的建筑师之家!",10,1.0,August 2016,96%,18701371,1449,10,104.07410725523759,48,21,within an hour,[恋人之语]春熙路IFS太古里/地铁口/180度弧形观景/浪漫粉色系/适合情侣约会家庭出游,鹏,1,https://www.airbnb.com/rooms/18701371?location=Chengdu%2C%20Sichuan%2C%20China,10,96
True,5,2.0,30.64997587120033,86236672,1.0,1.0,"北冥有鱼,其名为鲲。画船听雨,枕水而眠。",10,1.0,July 2016,100%,18102576,2287,10,104.07177969638693,33,14,within an hour,【Starry sky】近春熙路太古里‖市中心‖楼下超市‖靠近机场大巴,薄荷 Kassy,1,https://www.airbnb.com/rooms/18102576?location=Chengdu%2C%20Sichuan%2C%20China,10,97
True,5,5.0,30.66003335029841,23566741,2.0,2.0,"我叫May,旅游及瑜伽爱好者,每天打理自己的生意,照顾小孩和练瑜伽。自从开始做bnb,觉得好玩又新奇,认识五湖四海朋友的感觉真奇妙,随时联系我问询成都逛吃逛吃的生活吧,乐意认识你们!
My name is May。I love music, travel and Yoga. Chengdu is a wonderful place having lots of interests: Panda House, Width Alley etc.  I am the lucky person to be born here and enjoy the daily life of taking care of family business and my child. It is excellent to meet friends over the world, so don't hesitate to contact me for travel tips in Chengdu! You will experience the authentic Chengdu life from here!",10,2.0,November 2014,100%,19892883,249,10,104.07166331333907,86,30,within an hour,【Fusion#3】悦融居2室春熙路豪宅容纳4-5人市中心太古里宽窄巷子IFS,May,1,https://www.airbnb.com/rooms/19892883?location=Chengdu%2C%20Sichuan%2C%20China,10,97
True,,6.0,30.64458553439557,28193663,3.0,1.0,,,3.0,February 2015,100%,22663698,10,,104.08923413471985,60,17,within an hour,一木精致城市民宿市中心二号线地铁站旁清新三室近春熙路九眼桥可做饭,文雯,1,https://www.airbnb.com/rooms/22663698?location=Chengdu%2C%20Sichuan%2C%20China,,
False,5,4.0,30.64535966809417,84375553,2.0,2.0,"简阳移民成都,喜欢交朋友的话唠。",10,2.0,July 2016,95%,21158982,140,10,104.07762891597365,65,58,within an hour,越享 春熙路太古里 舒适跃层两居室双卫 厨房可做饭,纪柯,1,https://www.airbnb.com/rooms/21158982?location=Chengdu%2C%20Sichuan%2C%20China,10,100
True,5,4.0,30.6467731263725,22705521,1.0,1.0,我们喜欢旅行 热爱生活 也到过不同的国家感受过不同风格的民宿和民宿主人给我们带来的快乐和温暖 欢迎你和你的朋友家人来到我们成都的小家 希望我们能把善的缘分传递给你们 ,10,2.0,October 2014,100%,21731606,412,10,104.0834458542279,45,42,within an hour,跃层Loft 100寸投影仪/步行至太古里/春熙路/兰桂坊 时尚北欧风【Acne】临地铁,Jet&amp;Vincy,1,https://www.airbnb.com/rooms/21731606?location=Chengdu%2C%20Sichuan%2C%20China,10,99
True,5,2.0,30.639665243590926,55771117,1.0,2.5,,10,2.0,January 2016,100%,13405338,1598,10,104.06544944557686,27,28,within an hour,华西坝精品民宿-安蒂家 双人间,真,1,https://www.airbnb.com/rooms/13405338?location=Chengdu%2C%20Sichuan%2C%20China,10,96
True,5,2.0,30.645380903861533,31559937,1.0,1.0,"Lj Wu and Edison were in travel 5 years ago,we came to Chengdu and really love this place. We love hot pot,pandas,beer,rock&amp;roll.we like communication with  experience with the guests from different countries.
 During you stay with us,the warmth host will provide you help for your trip
大鬼是苗族妹儿,在川的湖南人,较开朗,有时癫狂, 刚睡醒是最没有活力的时候,恰巧碰到的房客请多包涵;
在旅游途中很喜欢成都就和男朋友留了下来,因都喜爱旅游,也很乐意分享一些在途的信息。
",10,1.0,April 2015,100%,6872530,1046,10,104.08253049028313,28,24,within an hour,"LJ's house,City center,Good view",Lj,1,https://www.airbnb.com/rooms/6872530?location=Chengdu%2C%20Sichuan%2C%20China,10,99
False,,2.0,30.64236486683233,150414030,1.0,1.0,I'm enjoy myself life. I like to travel and sport with friends,10,1.0,September 2017,100%,21455457,77,10,104.10019717913242,32,18,within an hour,Iroom/春熙路/成都东站附近/现代极简装修/商务出差/市中心/地铁2号线/民宿/摩根中心,Kelvin,1,https://www.airbnb.com/rooms/21455457?location=Chengdu%2C%20Sichuan%2C%20China,10,100
True,5,4.0,30.66131544988354,10919936,1.0,1.0,"大家好,我们是东家新民宿的运营者雨润和小黑,很高兴与你在旅途中相遇。

打造一个精品的、特别的、高品质的酒店是我们一直以来的梦想,所以我们创办了东家新民宿。我们的从装修、软装、配饰、电器都经过精心设计和挑选。包括床上用品、浴巾毛巾,全部选用了超5星级的标准。

雨润是互联网行业产品经理出身,现在是成都匹体科技的CEO,雨润虽然不是处女座,但对于自己的产品可以说是精细到每一个像素,可以说是非常较真。容不得一点瑕疵,这点在我们民宿上也有体现。

小黑也是成都匹体科技的创始人,热爱健身,准确说是酷爱健身。每天都要去健身,也喜欢和热爱运动的人交朋友。现在在全职负责民宿的运营~说不定你们能在旅途中与小黑见面。",10,2.0,December 2013,100%,18129798,310,10,104.07331999951782,73,28,within an hour,"观云阁-东家新民宿|市中心38层无敌景观套房,俯览成都,步行5分钟到达太古里/天府广场/春熙路",雨润,1,https://www.airbnb.com/rooms/18129798?location=Chengdu%2C%20Sichuan%2C%20China,10,100
True,5,2.0,30.659946110407844,133050680,1.0,1.0,,10,1.0,June 2017,100%,19059564,212,10,104.08553418894469,37,14,within an hour,『Home』春熙路·太古里·双地铁Downtown Asian Style Apartment,Jing,1,https://www.airbnb.com/rooms/19059564?location=Chengdu%2C%20Sichuan%2C%20China,10,98
False,5,2.0,30.636455699542438,150035969,1.0,1.0,"想踏入这个星球上的每一块大陆,想触及这个世界上的每一片海洋。探索之际,总得有栖息之所。在重庆大厦蜷缩过狭小的单间,在那霸住过干净敞亮的公寓,在北碧停留过宁静紧凑的民居…在某个时刻突然发现爱上了aibnb这样的旅行和生活方式,今后也会以这样的方式去探索其他心动的目的地。现在我也打理出了自己的小房,欢迎世界各地的朋友,希望在成都也能听听你们的故事。",10,1.0,September 2017,100%,21705536,98,10,104.11069614980775,39,37,within an hour,【R家.壹】北欧极简/实木大床/IFS太古里火车东站/地铁二号线,肉肉,1,https://www.airbnb.com/rooms/21705536?location=Chengdu%2C%20Sichuan%2C%20China,10,100
False,5,4.0,30.64542791532217,126387954,2.0,1.0,"除了诗和远方,还要有情怀",10,2.0,April 2017,100%,19518740,323,10,104.08014915367362,48,17,within an hour,【茗宿】春熙路*太古里*九眼桥*锦江河畔loft景观小高层,微澄,1,https://www.airbnb.com/rooms/19518740?location=Chengdu%2C%20Sichuan%2C%20China,10,97
True,5,4.0,30.65302500863456,140050880,1.0,1.0,"普通it男,向往自由",10,2.0,July 2017,100%,20263384,193,10,104.07173528861507,27,19,within an hour,【特惠198大套一温馨之家】春熙路盐市口/武侯祠4个站,子毅,1,https://www.airbnb.com/rooms/20263384?location=Chengdu%2C%20Sichuan%2C%20China,10,99
False,5,4.0,30.66325206209809,106451694,2.0,1.0,"       爱吃爱逛爱玩的90后女青年一枚,家乡在山西。来成都四川大学读了4年书,沉迷成都的蕴味儿,于是就不想走了。大学学的是旅游,于是就跟男朋友合计着做了民宿。
       三味名宿的名字来源于鲁迅的《三味书屋》,我们非常认同刻的那个“早”是一种非常好的生活观。而三味我们进行了重新诠释:书味儿,房间里不仅仅摆书,我们也力求让每个房间的装修风格充满书卷气;家味儿,不仅仅可以下厨做饭,房间的床上用品、拖鞋等都会每客消毒,跟住家里一样;人情味儿,不仅每一个客人我们都会接待,同时也能做好当地向导,知无不言言无不尽。
       我们是一个对产品和用户体验都很偏执的一个团队。见过了太多糟糕的酒店产品,于是很想把自己对住宿产品的理解添加进去,为更多的人创造更好的旅途住宿体验。民宿给了我一个机会,相信我一定能够让来我家的人都感到满意。
       最爱的一件事儿,是跟人聊天。聊聊从哪儿来,谈谈到哪儿去,再说说脚下的路。",10,2.0,December 2016,100%,16275776,348,10,104.08214966085798,38,53,within an hour,"【Sunwait】Bohemia style flat,Centre of city/subway",我才是小松鼠,1,https://www.airbnb.com/rooms/16275776?location=Chengdu%2C%20Sichuan%2C%20China,10,100
True,5,4.0,30.654508293652363,101890814,1.0,1.0,"我来自成都,喜欢民宿,爱上民宿。",10,2.0,October 2016,100%,22037845,240,10,104.07476864841574,44,24,within an hour,楼下春熙路步行太古里 IFS 宽窄巷子锦里  超大投影工业风LOFT公寓 单单的家,单,1,https://www.airbnb.com/rooms/22037845?location=Chengdu%2C%20Sichuan%2C%20China,10,100
True,5,2.0,30.65353362175735,96917986,1.0,1.0,"Hi!我是Di,民宿平时主要是由我的老婆naonao来打理,我们非常欢迎您来到成都,也欢迎您入住我们家!",10,1.0,September 2016,100%,18203448,4290,10,104.07917560085055,39,18,within an hour,【壹间·Aesir小屋】成都春熙路|春熙路地铁D出口|太古里|IFS|市中心|,Di,1,https://www.airbnb.com/rooms/18203448?location=Chengdu%2C%20Sichuan%2C%20China,10,98
True,5,4.0,30.64977212928261,143692923,1.0,1.0,"何以解忧,唯有旅行。早年徒步搭车走过迷人川藏线,也曾在他国的烈日炎炎下分不清东南西北,也会为了看到2017年新年的第一缕阳光而徒步二十公里雪地,只为到达云海之巅看星辰漫天和粉嫩的日出。也曾在夜里攀爬华山,在赶上日出的第一缕阳光照到脸上,那一刻不是感动,是真的好冷啊山顶.......也曾路过秀美湘西和醉美黔东南,会发现绿皮火车真的每趟必晚点........也愿意骑上摩托车浪行川西,在大雾暴风雨里翻过折多山,在新都桥温暖的晨光里极速狂奔,在三月的巴郎山山顶和雪地搏斗半天终于骑到垭口,然后热泪盈眶的弄丢相机.......",10,1.0,August 2017,100%,21064831,196,10,104.06970792477979,29,29,within an hour,【川西少年】春熙路/太古里/九眼桥/宽窄巷子/锦里/天府广场/机场大巴闹市区温馨混搭公寓可住4人,川西少年,1,https://www.airbnb.com/rooms/21064831?location=Chengdu%2C%20Sichuan%2C%20China,10,100
True,5,4.0,30.64097820917887,27582968,2.0,1.0,"我定居在成都,是一个标准吃货,欢迎大家来到成都玩,希望能够为您提供一次无与伦比的体验。",10,2.0,February 2015,100%,14076356,1485,10,104.09089190523405,48,30,within an hour,[PandaHouse] Lan Kwai Fong|Jiuyanqiao Cafe 2BR,Antony,1,https://www.airbnb.com/rooms/14076356?location=Chengdu%2C%20Sichuan%2C%20China,10,98
True,5,2.0,30.64287675763417,134853398,1.0,1.0,一个暖心的airbnb房东,10,1.0,June 2017,100%,20888597,250,10,104.10092042615977,21,20,within an hour,【野兽派B】有暖气|五星级酒店床品 | 紧邻地铁站 | 直达春熙路太古里火车东站宽窄巷子,Karen,1,https://www.airbnb.com/rooms/20888597?location=Chengdu%2C%20Sichuan%2C%20China,10,100
False,5,2.0,30.651373992284736,149220403,1.0,1.0,爱旅游 爱新鲜事物,10,1.0,September 2017,,20680420,407,10,104.07621852623993,32,17,,A【欢乐几何】春熙路/天府广场/IFS/太古里/东大街,囿先,1,https://www.airbnb.com/rooms/20680420?location=Chengdu%2C%20Sichuan%2C%20China,10,100
True,5,2.0,30.64974065629888,102792201,1.0,1.0,我来自成都,10,1.0,November 2016,100%,19849600,1563,10,104.07673187999161,33,17,within an hour,MOHUANG|春熙路太古里小龙坎步行100米.地铁公交超方便被美食环绕的市中心双面采光公寓,Shelly,1,https://www.airbnb.com/rooms/19849600?location=Chengdu%2C%20Sichuan%2C%20China,10,96
False,,2.0,30.650891824849538,36616558,1.0,1.0,"给您一个温馨的家,让您的旅途不再孤单",10,1.0,June 2015,100%,22973791,4,10,104.09114768801892,26,14,within an hour,"春熙路市中心温馨小房子,距离熊猫基地宽窄巷子武侯祠杜甫草堂近",一丝不苟的婷,1,https://www.airbnb.com/rooms/22973791?location=Chengdu%2C%20Sichuan%2C%20China,10,100
True,5,4.0,30.66282342274704,108783473,2.0,2.0,"宅女就是我,喜欢看书,听音乐,追求舒适自在的生活!",10,2.0,December 2016,100%,15591119,354,10,104.07779539737409,57,21,within an hour,Aine【蓝色梦想】春熙路/太古里/市中心/地铁口/市二医院,谢,1,https://www.airbnb.com/rooms/15591119?location=Chengdu%2C%20Sichuan%2C%20China,10,96
False,4.5,4.0,30.65892093677116,42218062,2.0,1.0,,10,2.0,August 2015,96%,17467283,716,10,104.0765385215054,46,18,within an hour,100寸家庭影院\春熙路地铁旁边整套两居室\太古里,强,1,https://www.airbnb.com/rooms/17467283?location=Chengdu%2C%20Sichuan%2C%20China,10,94
True,5,2.0,30.64577274474799,134792268,1.0,1.0,"喜欢打dota,听摇滚,看电影,喜欢在网络上交朋友,讲故事~",9,1.0,June 2017,100%,19834169,151,10,104.08134274120394,29,19,within an hour,❤Partysu❤|特价!春熙路.太古里.兰桂坊.锦里.宽窄巷子市中心双地铁.超赞夜景.独立卫生间.,柳柳柳的二路车,1,https://www.airbnb.com/rooms/19834169?location=Chengdu%2C%20Sichuan%2C%20China,10,96
True,5,2.0,30.66969256799294,73958925,1.0,1.0,"旅行、音乐、电影、话剧、美食,一个都不能少。希望我的公寓能温暖你的一段时光。",10,1.0,May 2016,100%,16103139,843,10,104.09454605944939,32,44,within an hour,【浮生】高层河景新房整租\近市中心\太古里\春熙路\ifs\电子科大\地铁直达\视野无遮挡迷人夜景,文文,1,https://www.airbnb.com/rooms/16103139?location=Chengdu%2C%20Sichuan%2C%20China,10,98
True,5,2.0,30.65391615166007,81378567,1.0,1.0,,10,1.0,July 2016,100%,16608608,1716,10,104.08386995609237,40,17,within an hour,"[乐兮.咖啡屋]北欧情调/市中心/春熙路,太古里/靠近地铁",Melody,1,https://www.airbnb.com/rooms/16608608?location=Chengdu%2C%20Sichuan%2C%20China,10,97
True,5,4.0,30.66191481053217,131985559,1.0,1.0,"“也许不同的人将在这里结下各自的殊胜之缘,进而在蒙昧的时光中找到自己的方向;但归根结底,所有的汇集都是偶然,所有的人都是过客。”
在成都始终喧嚣的夜里,我们会在暮色深处为您点起一盏灯。江湖夜雨,愿每位漂泊的游子都有家可依。
More than a home away from home. 宾至,如归。
wx:cdchuwu",10,2.0,May 2017,100%,21120489,319,10,104.08140973587611,57,12,within an hour,【初五】秋分/投影/双地铁(3、4号线)/春熙路/太古里/IFS/Central Cozy Apt,钰恒,1,https://www.airbnb.com/rooms/21120489?location=Chengdu%2C%20Sichuan%2C%20China,10,99
False,4.5,2.0,30.662893895477612,137794560,1.0,1.0,"掌柜燕子,地道成都吃货,喜欢自由,爱生活,爱美食,爱装文艺范儿,喜欢结交五湖四海的朋友,听他们说他们的故事,奇妙的人生,旅途的奇遇
我觉得人生是枯燥的,唯有旅行才能放飞灵魂,体验不一样的生活,感受不同地域的文化和美食,真是没有比这更让人兴奋的事情,每一次的旅行,我都异常兴奋,我想作为没来过成都,即将来到成都的你们也和我一样",10,1.0,June 2017,100%,20019755,868,10,104.05563033244081,16,22,within an hour,"宽居•二居/宽窄巷子旁,推窗既见宽窄青瓦房,紧挨春熙路,天府广场,锦里,成都市中心,地铁口",燕子,1,https://www.airbnb.com/rooms/20019755?location=Chengdu%2C%20Sichuan%2C%20China,10,93
False,,2.0,30.64908302643373,44378023,1.0,1.0,"我是一个乐于分享的80后,同时也是一个爱吃的吃货,偶尔出去溜达溜达,但有时也只想做一个安静的美男子!
我是一个乐于好客的房东,只要你有需要,我都会尽我所能,满足您的需要,无论是当地美食推荐,还是景区介绍,都能一一为你侃侃而谈!
让生活不再无聊,让旅行更加有料!欢迎入住我的家!",,1.0,September 2015,100%,17818712,14,,104.08570886807371,32,18,within an hour,"春熙路,太古里,兰桂坊,地铁2.3号线,一室一厅电梯公寓整租",孟琦,1,https://www.airbnb.com/rooms/17818712?location=Chengdu%2C%20Sichuan%2C%20China,,
True,5,4.0,30.641876166443232,71014929,2.0,1.0,,10,2.0,May 2016,100%,16211183,705,10,104.09157976995661,32,17,within an hour,近春熙路 太古里 九眼桥 川大 地铁牛王庙站旁欧式典雅双卧套房,鹏飞,1,https://www.airbnb.com/rooms/16211183?location=Chengdu%2C%20Sichuan%2C%20China,10,98
False,4.5,2.0,30.662813179733185,78988664,1.0,1.0,"站在你面前的是一个皮肤黑黑的boy,喜欢运动,电影,旅游,音乐,烹饪。职业是服装陈列师和家居陈列师。本质是玩师,吃师,旅行咨询师,历史老师,哈哈,由于职业之便去过很多地方,也有很多故事。也想和大家一起分享你的故事。
Standing in front of you is a skin black boy, like sports, movies, music, traveling, cooking.
he""s display designer for clothing and home furnishing.but Nature is to player, eater, travel consultants, and history teacher, ha ha, because the profession has been to many places, there are also many stories.Also want to share your story.",9,1.0,June 2016,100%,13627599,3371,10,104.08262854417328,36,24,within an hour,春熙路太古里附近挪威的森林主题大床房,波,1,https://www.airbnb.com/rooms/13627599?location=Chengdu%2C%20Sichuan%2C%20China,10,94
True,5.0,2.0,30.646390934335255,57188275,1.0,1.0,"Hello 
My name is Nici. I was born in Chengdu, madly love this city and know everything about it.  I've travelled a lot, so I know what travelers need, and what they want. While you are at our guest house I will try my absolute best so that you will feel at home. I hope you make many wonderful memories here in Chengdu and at our house during your stay. thank you.

Bu掌柜土生土长成都人,85后舞蹈老师。爱美食爱喝酒爱运动爱分享,地道成都通",10,1.0,February 2016,100%,19105816,398,10,104.08382967421231,42,18,within an hour,BUBU House 春熙路/兰桂坊Loft一卧室观景公寓,Nici,1,https://www.airbnb.com/rooms/19105816?location=Chengdu%2C%20Sichuan%2C%20China,10,99
True,5,2.0,30.64928753748804,128059283,1.0,1.0,,10,1.0,April 2017,100%,20789320,350,10,104.08597478618955,33,17,within an hour,【我的SOHO】3分钟即可到达太古里/春熙路IFS/兰桂坊/楼下各种美食/双线地跌出行,Cici,1,https://www.airbnb.com/rooms/20789320?location=Chengdu%2C%20Sichuan%2C%20China,10,97
True,5,2.0,30.635945887514502,95479087,1.0,2.0,,10,1.0,September 2016,100%,15836051,1059,10,104.0938627293858,21,13,within an hour,My time||木系素调民宿||设计师的房子|毗邻府南河廊桥美景||春熙路太古里城市地标||,春霞,1,https://www.airbnb.com/rooms/15836051?location=Chengdu%2C%20Sichuan%2C%20China,10,100
True,5,3.0,30.64492533590035,111269073,1.0,1.0,"我来自成都,平时很喜欢出去旅游,现在已经习惯了使用airbnb这个平台,让我可以在异乡感受当地人的生活。除了旅游,也很喜欢体育、电影和美食,同时也对我们四川的食物是很满足啊!我是四川人,血液里流淌着辣椒油
I'm from Chengdu China, I really enjoy  I am getting used to use Airbnb, so that I can travel like a local.Apart from that, I like sports, watching movies and delicious food a lot. I'm quite satisfied with Sichuan dishes!  I was born in Sichuan, chili oil flood in my vein.",10,1.0,January 2017,100%,18969970,275,10,104.08339004754653,34,30,within an hour,[5mins' walk to Taikooli &amp; metro] Delicate CD Life,Qiuyu,1,https://www.airbnb.com/rooms/18969970?location=Chengdu%2C%20Sichuan%2C%20China,10,98
True,5,2.0,30.652640089581084,109073576,1.0,1.0,"一个可爱的美少女,哈哈",10,1.0,December 2016,100%,21002403,4371,10,104.08640773424878,14,23,within an hour,【DUDUSA·画】春熙路/太古里/兰桂坊 双地铁口 阁楼 超大露台画室艺术风,Linda,1,https://www.airbnb.com/rooms/21002403?location=Chengdu%2C%20Sichuan%2C%20China,10,100
True,5,1.0,30.64748263619761,55366989,1.0,1.0,,10,1.0,January 2016,100%,15136840,54,10,104.07179553889044,14,13,within an hour,"市中心,靠近新南门旅游车站,春熙路,天府广场,交通方便",跃红,1,https://www.airbnb.com/rooms/15136840?location=Chengdu%2C%20Sichuan%2C%20China,10,100
True,5,4.0,30.653955847870808,62750297,2.0,1.0,"我是:
Dady of DuoDuo/朵朵的爸爸
Founder of two startup/2家初创公司的掌柜的。
Fans of Jonathan Lee/李宗盛的粉丝
A doer/一个还在折腾的人

如果您想订的房间当天没有了,可以点击房东头像拉倒最下面,查看其它房源,也许是个好选择。

从深圳到广州,从大连到北京,十年游子生活,直到回到成都,逐渐成熟,逐渐安定。
但心依然一直在路上。",10,2.0,March 2016,100%,20236057,655,10,104.05235112052299,55,18,within an hour,660m to people's park broad and narrow Alley,正见,1,https://www.airbnb.com/rooms/20236057?location=Chengdu%2C%20Sichuan%2C%20China,10,98
True,5,4.0,30.65242545300009,133186883,1.0,1.0,"hi,我是可儿,很高兴大家的光临:)我的房子一共有4套,分别是:「美少女Q家」、「果教授的气球房」、「橙妈妈家」、「Love波波池」。
如果您喜欢我们这个大家庭并且来到我的家,我们给您准备了一份“颜值超高”的【神秘大礼物】哦~ 还有哦别担心,住在家里的您我会送上我自己手写的【必玩必吃必去】~【旅游宝典】~送给大家 “成都带不走的只有你……(^^)” 最后如果您入住的时间刚好是您或者您朋友的生日或者纪念日等,我们可提供精心准备的【party房间布置】是免费的哦~ (只需要您提前好时间以便我们做好准备哦)

",10,1.0,June 2017,100%,19757394,676,10,104.08612725460426,24,68,within an hour,「ins橙妈妈家」成都春熙路/九眼桥/熊猫基地/青城山/楼下吃小龙坎火锅#星空套房#新年吉祥¥156,可儿,1,https://www.airbnb.com/rooms/19757394?location=Chengdu%2C%20Sichuan%2C%20China,10,97
True,5,4.0,30.647531586788567,69147450,2.0,1.0,"Hi,我是鱼子酱,一名在川大读研的工科女,欢迎来到junglehouse。",10,2.0,April 2016,100%,15826751,1516,10,104.08509923465135,55,15,within an hour,【限时特价】[room3林地]设计师/两居/地铁房/河景/离太古里几步路/周边美食 点头像看其他房源,鱼子酱,1,https://www.airbnb.com/rooms/15826751?location=Chengdu%2C%20Sichuan%2C%20China,10,99
True,5,5.0,30.662474946841044,58178321,2.0,1.0,"同样喜欢旅行的人。喜欢艺术特别是服装设计、园艺,热爱生活。希望认识、了解更多的人,了解他们不一样的生活。希望我们成为朋友。
A Person who also like travel, and art, especially fashion design, gardening. I love life, and hope to know more people, understand their different life. I hope I will become friends with you.",10,3.0,February 2016,100%,14750892,5832,10,104.04797918504137,44,20,within an hour,双地铁-春熙路.宽窄巷子IFS太古里-设计师高级公寓/北欧风1.8米大床房及榻榻米OCD,LiLi,1,https://www.airbnb.com/rooms/14750892?location=Chengdu%2C%20Sichuan%2C%20China,10,97
False,,4.0,30.63864204247375,94614832,1.0,1.0,,,1.0,September 2016,100%,22712154,13,,104.1110641359991,35,26,within an hour,【熙寓1916】太古里 春熙路 IFS 万象城 东大路 地铁独立公寓,Zoe,1,https://www.airbnb.com/rooms/22712154?location=Chengdu%2C%20Sichuan%2C%20China,,
True,5,2.0,30.667789654505896,73958925,1.0,1.0,"旅行、音乐、电影、话剧、美食,一个都不能少。希望我的公寓能温暖你的一段时光。",10,1.0,May 2016,100%,19145158,465,10,104.09521888898725,33,34,within an hour,浮生(春分)全新房\地铁直达\近市中心\ifs\太古里\春熙路\高层落地窗河景\电视塔迷人夜景,文文,1,https://www.airbnb.com/rooms/19145158?location=Chengdu%2C%20Sichuan%2C%20China,10,97
True,5,2.0,30.651008216367455,24283616,1.0,1.0,,10,1.0,November 2014,100%,4697681,1449,10,104.07752176376786,112,26,within an hour,"[ThePlace|雲彩]紧邻春熙路、太古里旁,台湾房东的小咖啡馆转型的民宿,超大阳台",The Place,1,https://www.airbnb.com/rooms/4697681?location=Chengdu%2C%20Sichuan%2C%20China,10,99
False,4.5,2.0,30.64214389091696,158669066,1.0,1.0,,9,1.0,November 2017,100%,21777520,166,9,104.0783045138361,19,39,within an hour,说时依旧(五分钟到达太古里、春熙路、九眼桥酒吧一条街/兰桂坊//楼下就是新南门客运站),闺蜜,1,https://www.airbnb.com/rooms/21777520?location=Chengdu%2C%20Sichuan%2C%20China,10,90
False,,2.0,30.64882082337204,106780715,1.0,1.0,"爱摄影,爱旅游,爱探险。",,2.0,December 2016,97%,22555582,61,,104.08479863536142,45,12,within an hour,春熙路/九眼桥/途乐太古里全景轻奢一居,文川,1,https://www.airbnb.com/rooms/22555582?location=Chengdu%2C%20Sichuan%2C%20China,,
True,5,4.0,30.660144927017708,10919936,1.0,1.0,"大家好,我们是东家新民宿的运营者雨润和小黑,很高兴与你在旅途中相遇。

打造一个精品的、特别的、高品质的酒店是我们一直以来的梦想,所以我们创办了东家新民宿。我们的从装修、软装、配饰、电器都经过精心设计和挑选。包括床上用品、浴巾毛巾,全部选用了超5星级的标准。

雨润是互联网行业产品经理出身,现在是成都匹体科技的CEO,雨润虽然不是处女座,但对于自己的产品可以说是精细到每一个像素,可以说是非常较真。容不得一点瑕疵,这点在我们民宿上也有体现。

小黑也是成都匹体科技的创始人,热爱健身,准确说是酷爱健身。每天都要去健身,也喜欢和热爱运动的人交朋友。现在在全职负责民宿的运营~说不定你们能在旅途中与小黑见面。",10,2.0,December 2013,100%,19791712,315,10,104.07335109415077,73,25,within an hour,"通天阁(Tsutenkaku)-东家,市中心超五星52层顶层景观公寓4人套房,步行5分钟到达太古里!",雨润,1,https://www.airbnb.com/rooms/19791712?location=Chengdu%2C%20Sichuan%2C%20China,10,99
True,4.5,2.0,30.650129095524036,31642207,1.0,1.0,,9,1.0,April 2015,100%,20566296,399,10,104.08298974512675,40,15,within an hour,默西/神奈川/muji护肤品/太古里春熙路商圈/日本进口洗护/家庭影院/宽窄巷子/小龙坎火锅/双地铁,Moxi,1,https://www.airbnb.com/rooms/20566296?location=Chengdu%2C%20Sichuan%2C%20China,10,87
False,5,2.0,30.658163865485662,42218062,1.0,1.0,,10,1.0,August 2015,96%,15116957,1245,10,104.08206925032279,20,16,within an hour,位于春熙路太古里的观景三卧【非独立卫浴】,强,1,https://www.airbnb.com/rooms/15116957?location=Chengdu%2C%20Sichuan%2C%20China,10,97
False,5,4.0,30.64908437064153,137482621,2.0,1.0,,10,2.0,June 2017,,18106851,494,10,104.07569485955979,40,28,,"AiNi【嗨,惬意成都】春熙路/太古里/iFS/香槟美食广场/成都味道复式套二洋楼",蕊岑,1,https://www.airbnb.com/rooms/18106851?location=Chengdu%2C%20Sichuan%2C%20China,10,99
True,5,2.0,30.65037192390729,102792201,1.0,1.0,我来自成都,10,1.0,November 2016,100%,17816770,2394,10,104.08050909287769,36,15,within an hour,MOHUANG|对面就是太古里春熙路和地铁站|下楼就是小龙坎,Shelly,1,https://www.airbnb.com/rooms/17816770?location=Chengdu%2C%20Sichuan%2C%20China,10,96
True,5,2.0,30.651473926130397,108858262,1.0,1.0,,10,1.0,December 2016,100%,17020950,1037,10,104.08502370324322,40,23,within an hour,"|生机小宅|-|Flipped|,太古里1分钟,春熙路2分钟即达。",扭扭酱,1,https://www.airbnb.com/rooms/17020950?location=Chengdu%2C%20Sichuan%2C%20China,10,97
False,5,4.0,30.648606735215875,17821297,2.0,2.0,湖边的雪人   天边的云朵,10,2.0,July 2014,100%,16107546,1224,10,104.07567075823331,35,19,within an hour,【森系小洋楼】春熙路地铁口/双卫/美食中心,常一,1,https://www.airbnb.com/rooms/16107546?location=Chengdu%2C%20Sichuan%2C%20China,10,95
False,5,2.0,30.644793419287332,114733879,1.0,1.0,"一个成都本地大四还未毕业的房东~爱吃爱玩儿,去过很多地方吃过很多东西,喜欢听来来往往的人分享的小故事,当然我也很乐意给你们分享关于我在旅行遇到的一些事,人生目标-吃吃喝喝玩玩乐乐能多颓就多颓的米虫生活,我希望把每一个住进我房子里来的小伙伴都当作朋友而不是单纯的房客,如果你有故事那就来住吧,毕竟破房子最不缺的就是酒哈哈~",10,1.0,February 2017,100%,21386142,110,10,104.09209183464672,24,15,within an hour,哆哆有间破房子~,哆,1,https://www.airbnb.com/rooms/21386142?location=Chengdu%2C%20Sichuan%2C%20China,10,97
True,5,4.0,30.651115916739954,144599052,1.0,1.0,"80后,有主,信佛,皈依于文殊院的俗家弟子,法号“妙力”。做过很多行业的工作,速记(速录机)、工程造价、会计、销售、人事(主招聘和培训),当然啦,做的最长最喜欢的,是幼儿的国际象棋启蒙老师,因为自由而简单。有机会也可以启蒙你哦!喜欢吃土豆、喝重口味的茶、听音乐。英语四级水平而已,如果你是外国人,我需要连猜带比,但我很乐意结交你。",10,2.0,August 2017,100%,20277771,679,10,104.08719678989037,32,24,within an hour,A【骨折特惠月】市中心/周围美食多/交通便利/双地铁/温馨舒适房,兰,1,https://www.airbnb.com/rooms/20277771?location=Chengdu%2C%20Sichuan%2C%20China,10,97
True,5,4.0,30.651686769825933,128704295,1.0,1.0,"爱生活旅游|爱艺术设计|编导在读大学生
精心挑选的床上用品,严格的卫生标准,只为让您隐于市,逸于心,在这里找到回家的感觉。
灵感源于生活,只愿让您与设计一起生活,感受艺术+。欢迎来到SiDNEY House ฅʕ•̫͡•ʔฅ ",10,2.0,May 2017,100%,20651337,1077,10,104.08645762820936,44,17,within an hour,SiDNEY |50°灰私人影院@楼下就是太古里I双地铁|IFS|春熙路|兰桂坊|市中心设计感公寓,SiDNEY,1,https://www.airbnb.com/rooms/20651337?location=Chengdu%2C%20Sichuan%2C%20China,10,98
True,5,3.0,30.649474335801283,31642207,1.0,1.0,,10,2.0,April 2015,100%,20566356,690,10,104.07788741006323,37,16,within an hour,默西/撒哈拉/muji护肤品/太古里春熙路商圈/日本进口洗护/家庭影院/宽窄巷子/小龙坎火锅/双地铁,Moxi,1,https://www.airbnb.com/rooms/20566356?location=Chengdu%2C%20Sichuan%2C%20China,10,98
True,5,2.0,30.65130325754522,123332021,1.0,1.0,"实在不知道该怎么自我介绍,在成都表达热情的唯一方式就是:你来住我家,我来带你耍。
",10,1.0,March 2017,100%,19574563,645,10,104.08331271148528,28,23,within an hour,"网红摄影基地【太古里.时光小筑】太古里上,春熙路旁,地铁站150米,港风时光胶囊",子,1,https://www.airbnb.com/rooms/19574563?location=Chengdu%2C%20Sichuan%2C%20China,10,99
True,5,3.0,30.644727847305457,76246525,1.0,1.0,喜欢探索未知的多栖设计师,10,2.0,June 2016,100%,19643486,1593,10,104.08366947879567,37,24,within an hour,【有間·锦】锁不住的流年|电梯观景公寓|地铁600M|春熙路|太古里|兰桂坊|九眼桥|水锦界|镗鈀街,雪,1,https://www.airbnb.com/rooms/19643486?location=Chengdu%2C%20Sichuan%2C%20China,10,98
True,5,3.0,30.650904791641796,36085964,1.0,1.0,,10,2.0,June 2015,100%,18553314,676,10,104.07257787674232,37,4,within an hour,"【青居·47号】文艺温馨星空房
步行5分钟到春熙路太古里/锦江宾馆旁/天府广场旁",瑞,1,https://www.airbnb.com/rooms/18553314?location=Chengdu%2C%20Sichuan%2C%20China,10,99
False,5,2.0,30.64852071721019,120468835,1.0,1.0,,10,1.0,March 2017,100%,17688298,1344,10,104.08502136825577,31,14,within an hour,qMercury-春熙路/太古里/九眼桥/电视塔/温馨一居室,旻,1,https://www.airbnb.com/rooms/17688298?location=Chengdu%2C%20Sichuan%2C%20China,10,95
False,,2.0,30.655211129792924,119549597,1.0,1.0,"爆爆,成都土著。在这里出生长大,大学时想要体会不同的人文风情,去了上海华东师大学习自己选择的“旅游管理”,继续走,去了奥兰多的迪斯尼工作,回到川大“旅游管理”读研,再继续,去500强讨生活,离开,继续走在迈阿密、曼谷、釜山、首尔、吉隆坡……有一天,想起了高考填写志愿的那一个刹那,初心,仍在原处,或许“民宿”可以安放。
爆姐骨子里是一个文艺女生。小时候学手风琴十余年,读本科时学JAZZ直跳到舞蹈教师,于是现在,她说她是成都民宿圈里最能喝酒的舞蹈老师。
奇特的是爆姐方向感极强,认识成都的大街小巷,万水千山,云遮雾罩。有人说爆姐的民宿不像民宿,是的,它不fancy,不网红,不INS,但更多的细微早已融入爆爆的热爱和柔软,轻松与自在。“家”是这几间民宿最显著的标签。
爆爆认为,旅行,是一种状态,而【穿阅……】,则是这种状态的日记本。",,1.0,March 2017,100%,22316217,45,,104.07005126819202,37,11,within an hour,穿阅梨花街【绿沉】天府广场/盐市口/近地铁/一室公寓,爆爆,1,https://www.airbnb.com/rooms/22316217?location=Chengdu%2C%20Sichuan%2C%20China,,
False,,4.0,30.64652986231155,158284172,2.0,2.0,嗨,10,2.0,November 2017,,21053426,89,10,104.07879887746914,60,40,,A【童梦蓝海】梦幻loft大落地窗二居室/双卫/春熙路太古里IFS/新南门/地铁/天府广场/熊猫基地,容,1,https://www.airbnb.com/rooms/21053426?location=Chengdu%2C%20Sichuan%2C%20China,10,100
True,5,2.0,30.645749688996737,144083368,1.0,1.0,一个有趣的吃货~哈哈哈,10,1.0,August 2017,100%,20223955,747,10,104.11924248780461,18,21,within an hour,MUCHENG|万象城|地铁旁|市中心|春熙路地铁仅十分钟,Cindy,1,https://www.airbnb.com/rooms/20223955?location=Chengdu%2C%20Sichuan%2C%20China,10,98
False,5,3.0,30.64693334910942,104955958,1.0,1.0,,9,1.0,November 2016,100%,19853397,620,10,104.08133998313511,30,21,within an hour,春熙路、九眼桥、【可乐家的民宿】A温暖清新整套出租,陈,1,https://www.airbnb.com/rooms/19853397?location=Chengdu%2C%20Sichuan%2C%20China,10,96
True,5,3.0,30.65442077143967,141347608,1.0,1.0,喜欢旅行。,10,2.0,July 2017,100%,19944825,285,10,104.06673191956718,39,31,within an hour,欢囍民宿.日式风格.天府广场.春熙路.盐市口商圈.太古里,囍,1,https://www.airbnb.com/rooms/19944825?location=Chengdu%2C%20Sichuan%2C%20China,10,97
True,5,4.0,30.646243122514722,30825055,2.0,1.0,"Hi there, Welcome!
 
Thank you for checking my profile and listing!
 
I'm Bella. I was a member of cabin crew years ago, and now settle down in Chengdu, a cozy city flowing with milk and honey. I love traveling and have been around the world. As an Airbnb veteran, I open up this place for you, where I assure you a rewarding stay.
 
I'll share with you either about the listing or visiting without reservation.
So please feel free to contact me without any hesitation.
 
Hope you enjoy exploring this great city/State/Country!",10,2.0,April 2015,100%,16571030,353,10,104.07682328502159,35,13,within an hour,市中心九眼桥畔·Bella家,Bella,1,https://www.airbnb.com/rooms/16571030?location=Chengdu%2C%20Sichuan%2C%20China,10,97
False,5,2.0,30.65323729234703,133467495,1.0,1.0,,10,1.0,June 2017,100%,19103371,181,10,104.08764855217669,88,23,within an hour,太宅(Thai Inn)朗御高空景夜景观房!太古里-IFS-春熙路!交通便利!市中心购物!坐拥蓉城!,佳丽,1,https://www.airbnb.com/rooms/19103371?location=Chengdu%2C%20Sichuan%2C%20China,9,98
False,4.5,1.0,30.632562940314052,134843837,1.0,1.0,"94.8.1狮子座
亦静亦动的
rua猫大神
自来熟
川普
酷
。
.",10,1.0,June 2017,100%,19277046,397,10,104.09631657806555,21,28,within an hour,夜莺丨坐拥府南河夜色|紧邻地铁站|春熙路,披腥,1,https://www.airbnb.com/rooms/19277046?location=Chengdu%2C%20Sichuan%2C%20China,10,94
True,5,2.0,30.65615059234312,51038934,1.0,2.0,,10,1.0,December 2015,100%,18047365,405,10,104.08593671185129,32,30,within an hour,"市中心双卫带花园复式公寓,步行5分钟至太古里/IFS/春熙路/大慈寺",Zhi,1,https://www.airbnb.com/rooms/18047365?location=Chengdu%2C%20Sichuan%2C%20China,10,98
True,5,2.0,30.650940781735155,152463465,1.0,1.0,爱美食爱旅行爱音乐还爱笑的女生,10,1.0,September 2017,100%,21134703,424,10,104.08622541791291,35,34,within an hour,『初心』简约线条风/双地铁口 楼下就是太古里/ifs/春熙路/宽窄巷子/兰桂坊+密码入住,Aria,1,https://www.airbnb.com/rooms/21134703?location=Chengdu%2C%20Sichuan%2C%20China,10,99
True,5,4.0,30.667148869816383,104970985,1.0,1.0,"摄影师、Airbnb。

爱好金融、编程、足球、手工、改造、骑行。

其实,爱好什么的都不重要,知道房东我人很好+住我家服务会特别好就够啦~",10,2.0,November 2016,100%,16941978,2649,10,104.09003686827037,34,59,within an hour,【以秋·小灰屋】巨幕投影、新毛巾+春熙路、地铁口+超赞房东,平,1,https://www.airbnb.com/rooms/16941978?location=Chengdu%2C%20Sichuan%2C%20China,10,99
True,5,2.0,30.651730852778748,26934625,1.0,1.0,"致力于成为一个美好的人,希望参与关于美好的一切。喜欢家居、电影、音乐、旅行、鲁迅与安徒生、小王子等等等等。

希望我的房间能够为你的旅行增添真诚温暖的一笔,希望你是有趣的人。",10,1.0,January 2015,100%,18987466,952,10,104.08663524428388,37,21,within an hour,「童话」下楼就是春熙路太古里★九眼桥★宽窄巷子|双地铁口的浪漫梦幻公寓,半夏,1,https://www.airbnb.com/rooms/18987466?location=Chengdu%2C%20Sichuan%2C%20China,10,99
True,5,3.0,30.649711415211986,63981732,1.0,1.0,"【您提供的个人资料描述内容可能不符合中国法律法规,正在被审核。在审核通过前,全文将不对中国地区用户显示。】Hi~我是Aimee,喜欢旅游也喜欢下雨天躲在被窝睡觉。热爱生活中美好的事物并相信设计无处不在。我们用心设计每一个房间,喜欢的画、爱看的书、亲肤的床上用品,严苛的卫生标准。希望我的房子能让你在这个陌生的城市感到舒适和温暖,欢迎回家:)",10,2.0,March 2016,100%,19365103,1744,10,104.08506352242557,39,25,within an hour,AH|苏打 楼下就是太古里/市中心双地铁/摩洛哥风格设计感公寓,Aimee,1,https://www.airbnb.com/rooms/19365103?location=Chengdu%2C%20Sichuan%2C%20China,10,98
False,,2.0,30.651599818871752,127332808,1.0,1.0,,10,1.0,April 2017,100%,22607617,83,10,104.07028409928719,29,10,within an hour,【暖竹】银石广场/太古里/春熙路/太古里一居,你好,1,https://www.airbnb.com/rooms/22607617?location=Chengdu%2C%20Sichuan%2C%20China,10,90
True,5,3.0,30.652923399630904,8491919,1.0,1.0,"住的房子,只是居所,心之向往,才是家。

我们是这所房子的打造者,我们是:软装设计师及草木染爱好者丹,建筑设计师LQ. 

相恋15年,骑行过川藏线,也游历过很多国家。在婚姻这条路上让我们发现最佳拍档不仅局限于男主外女主内的框架,“而是1+1&gt;2”

我们创立了成都【One More  宿】 ,希望这里不仅是提供居住的空间,更是一种有别于以往生活的体验和一个美学文化空间。我们把民宿从简单的居住行为提升为对家和生活美学的定义。在注重您的每一次体验感的同时,更愿意把这里的风景,城市文化,家的自由,还有美好的生活方式与你一起分享。",10,2.0,August 2013,100%,21027092,692,10,104.08104034939544,76,44,within an hour,【宅里·太古里】顶级民宿新上线5折/太古里全景景观/建筑设计师的低调奢华民宿|one more宿出品,丹,1,https://www.airbnb.com/rooms/21027092?location=Chengdu%2C%20Sichuan%2C%20China,10,99
True,5,2.0,30.647092700237415,94560858,1.0,2.0,,10,2.0,September 2016,100%,20806963,919,10,104.07588352987706,20,27,within an hour,考拉小姐青年公寓/双人间白色/宽窄巷子/春熙路太古里/北欧精致装修/高空观景/双地铁口/交通方便,峥,1,https://www.airbnb.com/rooms/20806963?location=Chengdu%2C%20Sichuan%2C%20China,10,99
True,5,2.0,30.65463822045207,73492246,1.0,1.0,旅行 电影 整理 猫和狗 音乐 摩托车,10,1.0,May 2016,100%,21531778,976,10,104.08500200546142,27,21,within an hour,「红拂夜奔•月白」春熙路/太古里20米 干净明亮舒适北欧风闹中取静的家,Harvey,1,https://www.airbnb.com/rooms/21531778?location=Chengdu%2C%20Sichuan%2C%20China,10,98
False,5,2.0,30.658293417559033,42218062,1.0,2.0,,10,1.0,August 2015,96%,15116208,1232,10,104.08326731557307,24,17,within an hour,位于春熙路和太古里的阳台观景大主卧【独立卫浴】,强,1,https://www.airbnb.com/rooms/15116208?location=Chengdu%2C%20Sichuan%2C%20China,10,98
True,5,2.0,30.653313685462916,102792201,1.0,1.0,我来自成都,10,1.0,November 2016,100%,16227533,8138,10,104.07664384940462,32,12,within an hour,MOHUANG|对面就是太古里春熙路和地铁站 下楼就吃小龙坎,Shelly,1,https://www.airbnb.com/rooms/16227533?location=Chengdu%2C%20Sichuan%2C%20China,10,97
False,5,2.0,30.644477111038064,119858620,1.0,1.0,"     我是一个普通但是非常善良热情的女孩。我喜欢交朋友,喜欢追剧,喜欢逛街,也是一个实施在在的吃货!我的房子是一个干净舒适的小屋,房间的一切都是我精心打理的。里面的配套设施都非常齐全,能为您们考虑到的,我会通通考虑进去,希望你们住在我的房子里,能感受到家的温暖和随意,如果你想预定的日期已经订出去了可以点击我头像查看其他房源哦~",10,1.0,March 2017,100%,18490868,252,10,104.08321219786514,39,50,within an hour,Bridal chamber- drunk beauty Riverview Couple Room,迎春,1,https://www.airbnb.com/rooms/18490868?location=Chengdu%2C%20Sichuan%2C%20China,10,99
True,5,4.0,30.654680689171954,45627283,1.0,1.0,"Hi there, Welcome!

Thank you for checking my profile and listing! 

 I’m ke. I love traveling and have been lots of place. After having great experience with  Airbnb, my brother and I are having this place for travelers just like us . We want you to have a nice and comfortable place during your stay in Chengdu.

Please feel free to contact us, whether about the listing or your visiting. We'd love to share  with you. 

Hope you enjoy your exploring in this great city/State/Country!",10,2.0,October 2015,100%,13369746,1564,10,104.05372951046424,32,16,within an hour,Charming 1BD in downtown宽窄巷子,Keyuan,1,https://www.airbnb.com/rooms/13369746?location=Chengdu%2C%20Sichuan%2C%20China,10,98
True,5,2.0,30.668196638506963,73958925,1.0,1.0,"旅行、音乐、电影、话剧、美食,一个都不能少。希望我的公寓能温暖你的一段时光。",10,1.0,May 2016,100%,15904862,1586,10,104.09477767645618,29,39,within an hour,[浮生]全新房近市中心\太古里\ifs\春熙路\地铁直达\高层超大落地窗天府塔迷人夜景,文文,1,https://www.airbnb.com/rooms/15904862?location=Chengdu%2C%20Sichuan%2C%20China,10,97
True,5,2.0,30.646672507759668,84423619,1.0,1.0,,10,1.0,July 2016,100%,18378919,574,10,104.08431318445908,29,36,within an hour,【老夫的少女心】双地铁/步行太古里/乳胶床垫/小米电视,盛兰,1,https://www.airbnb.com/rooms/18378919?location=Chengdu%2C%20Sichuan%2C%20China,10,99
True,5,2.0,30.649938075177793,59165465,1.0,1.0,,10,1.0,February 2016,100%,20870343,209,10,104.08656238077978,44,34,within an hour,新房特惠【玖月 September】市中心/太古里/春熙路/,Miley,1,https://www.airbnb.com/rooms/20870343?location=Chengdu%2C%20Sichuan%2C%20China,10,100
True,5,2.0,30.65922959511037,70342606,1.0,1.0,"成都用心经营一个小窝,用爱心和善良做事,希望入住的人也有基本的为人做事的标准,期待您同我一样是一个善良的人。",10,1.0,May 2016,100%,14093258,1271,10,104.08053649849202,31,19,within an hour,"【77House】潘达先生的熊居屋/春熙路IFS太古里/精致温馨整套公寓/灯火辉煌处,触手可及的成都",琪,1,https://www.airbnb.com/rooms/14093258?location=Chengdu%2C%20Sichuan%2C%20China,10,97
False,,2.0,30.65619752899771,140688673,1.0,1.0,,7,1.0,July 2017,97%,22624351,124,8,104.09090195020951,24,15,within an hour,谢谢侬#太古里#春熙路#成都最中心,姝昕,1,https://www.airbnb.com/rooms/22624351?location=Chengdu%2C%20Sichuan%2C%20China,10,70
True,5,1.0,30.654012875856722,73886680,1.0,1.0,"一个懒人设计师,喜欢质朴,爱自然,也是一个爱出走的妹子,渴望心灵的碰撞,或山、或水、或物、或人......感受不一样的情感......",10,1.0,May 2016,100%,20195870,133,10,104.07451334430509,21,30,within an hour,春熙路双地铁旁 文艺老街 特色舒心房 【凈·居】上新特惠中 Lee's House,Faye,1,https://www.airbnb.com/rooms/20195870?location=Chengdu%2C%20Sichuan%2C%20China,10,97
True,5,4.0,30.648388586502325,146890385,2.0,1.0,"光和光怎么打招呼,最黑的地方见
",10,2.0,August 2017,100%,21136660,144,10,104.09094402974856,45,28,within an hour,【自然而蓝】地铁口/春熙路/太古里/IFS/小龙坎火锅/宽窄巷/锦里/熊猫基地/电梯公寓24小时安保,Maxine,1,https://www.airbnb.com/rooms/21136660?location=Chengdu%2C%20Sichuan%2C%20China,10,100
True,5,3.0,30.650863383622553,121173003,1.0,1.0,"hi,我是小米:)谢谢您选择我们家民宿。我家现在有两套民宿,分别是「遇见」和「时光」,在成都市春熙路商圈,如果你来成都旅行,又正好喜欢我的房子,我非常欢迎你入住我们民宿噢~",10,1.0,March 2017,100%,18630033,955,10,104.07618890037296,39,22,within an hour,「时光」成都市中心春熙路太古里IFS兰桂坊双地铁/温馨文艺范儿阳光房,小米,1,https://www.airbnb.com/rooms/18630033?location=Chengdu%2C%20Sichuan%2C%20China,10,98
True,5,4.0,30.65893033054013,119864382,2.0,1.0,业余三线摄影师  售卖vintage  一直在路上 喜欢老的 有时间在内的东西,10,2.0,March 2017,100%,17676171,282,10,104.0835938230687,47,21,within an hour,《墙外·夏至》业余杂货铺摄影师的家 The local Chengdu,Ying,1,https://www.airbnb.com/rooms/17676171?location=Chengdu%2C%20Sichuan%2C%20China,10,99
True,5,2.0,30.651911587232284,26934625,1.0,1.0,"致力于成为一个美好的人,希望参与关于美好的一切。喜欢家居、电影、音乐、旅行、鲁迅与安徒生、小王子等等等等。

希望我的房间能够为你的旅行增添真诚温暖的一笔,希望你是有趣的人。",10,1.0,January 2015,100%,16547601,671,10,104.08430175413345,35,17,within an hour,「市隐」下楼就是太古里春熙路★九眼桥★宽窄巷子|地铁口的文艺范温馨公寓,半夏,1,https://www.airbnb.com/rooms/16547601?location=Chengdu%2C%20Sichuan%2C%20China,10,98
False,5,4.0,30.651423939205046,138499620,2.0,1.0,,10,2.0,July 2017,,19963513,355,10,104.08710026203158,44,21,,【soft love】春熙路边/太古里旁/地铁房/熊猫基地/锦里/武侯祠宽窄巷子,果趣,1,https://www.airbnb.com/rooms/19963513?location=Chengdu%2C%20Sichuan%2C%20China,10,98
True,5,2.0,30.649701669851165,105391620,1.0,1.0,80后姐姐~喜欢美食、旅游、买买买,10,1.0,November 2016,100%,18863839,473,10,104.08460969632107,27,18,within an hour,『唯美空间』市中心/春熙路/太古里旁/ifs/双地铁浪漫公主房、带夜景超大床(点击头像查看更多房源),梨果儿,1,https://www.airbnb.com/rooms/18863839?location=Chengdu%2C%20Sichuan%2C%20China,10,96
False,5,2.0,30.65856217815096,109840855,1.0,1.0,,10,1.0,January 2017,100%,18439063,367,10,104.08723432681455,30,14,within an hour,「星辰」100寸影院公寓/后门太古里/步行到春熙路,小满,1,https://www.airbnb.com/rooms/18439063?location=Chengdu%2C%20Sichuan%2C%20China,10,97
False,5,2.0,30.651433639713947,119858620,1.0,1.0,"     我是一个普通但是非常善良热情的女孩。我喜欢交朋友,喜欢追剧,喜欢逛街,也是一个实施在在的吃货!我的房子是一个干净舒适的小屋,房间的一切都是我精心打理的。里面的配套设施都非常齐全,能为您们考虑到的,我会通通考虑进去,希望你们住在我的房子里,能感受到家的温暖和随意,如果你想预定的日期已经订出去了可以点击我头像查看其他房源哦~",10,1.0,March 2017,100%,18377538,634,10,104.08294522971117,32,52,within an hour,Field - American Rural comfort room / near Kuan Al,迎春,1,https://www.airbnb.com/rooms/18377538?location=Chengdu%2C%20Sichuan%2C%20China,10,98
True,5,4.0,30.65952780611682,121669585,2.0,2.0,"
一个媒体狗,当记者的时间里把全国都跑得快差不多,采访过马云,也直面过刘德华梁朝伟。喜欢旅游喜欢交朋友,曾经花了南北线入藏又自驾青藏线出藏,喜欢各种深度游,期间认识了很多朋友,也住过各种各样的青旅,民宿和设计师酒店。对我来说,不仅仅是入住,更是体验和交友,我家位于成都市中心,步行到春熙路地铁口四分钟,楼下超市美食下午茶民谣吧一应俱全,房子内部设计的是精致浪漫北欧风,全幕投影,宜家床垫,给你贴心享受。180度全景透明玻璃采光不要太棒,夜景更是美。如果你也喜欢,请一定跟我一样爱护它。欢迎你的到来,也希望在成都,留不下的还有漂流岛,这个为你贴心准备的小屋。",10,2.0,March 2017,100%,18493948,1506,10,104.07960975011838,70,15,within an hour,Aini【行走的蜗牛】春熙路、太古里/弧形落地窗景观房/双地铁/两房双卫/家庭影院,黑丢丢,1,https://www.airbnb.com/rooms/18493948?location=Chengdu%2C%20Sichuan%2C%20China,10,99
False,5,2.0,30.650724910086584,80585016,1.0,1.0,"房主爱生活,也爱旅游,更期待结识五洲四海的朋友。我和旅途中的你一样,喜欢诗和远方,也唯美食和爱不可辜负。我的家打造得很温馨,简单却不失精致,每一处装扮都是旅行途中不同风景的记忆;略带一点点地中海风格,即清新简明,又不落俗套。每一天我都会收拾好我的小家,以保证它的洁净与舒适,让你能在漫漫旅途中有一个温暖的港湾。成都是一座来了就不想离开的城,愿你有一份美好的旅途哦。",10,1.0,June 2016,98%,20039341,599,10,104.08618637216757,42,11,within an hour,快乐大本营•帅房东与酷房客|复古童年记忆房,Mingpeng,1,https://www.airbnb.com/rooms/20039341?location=Chengdu%2C%20Sichuan%2C%20China,10,98
True,5,2.0,30.668733206650213,113512447,1.0,1.0,"这里是城市.City,成都的民宿,
是两个闺蜜共同开始打造的主题民宿。
2016-2017,我们在没有信号的雪山露营跨年,
在风一更、雪一更的日出时分许下了共同的新年愿望。
因为爱旅行,爱分享,爱成都,所以希望以小而美的民宿为载体,
和你们一起分享旅行的趣事,一起探索更成都的游玩方式。
",10,1.0,January 2017,100%,20978470,151,10,104.09738387231735,31,14,within an hour,【城市.Beginning】市中心电视塔View|IFS|太古里|电子科大|3号线地铁口,Lan,1,https://www.airbnb.com/rooms/20978470?location=Chengdu%2C%20Sichuan%2C%20China,10,98
True,4.5,2.0,30.637194585034866,143412738,1.0,1.0,,9,1.0,July 2017,89%,21098140,232,10,104.11091117299996,34,19,within an hour,【X Trace】请查收来自成都の快耍慢活/核心区域全景小筑/春熙路/太古里,二三,1,https://www.airbnb.com/rooms/21098140?location=Chengdu%2C%20Sichuan%2C%20China,9,91
False,5,2.0,30.670760900362268,61356695,1.0,1.0,我是一名爱旅行的设计师,10,1.0,March 2016,100%,22460279,59,10,104.09270255638323,37,28,within an hour,"【十二月】
春熙路/IFS/太古里/大慈寺/九眼桥/天府广场",何,1,https://www.airbnb.com/rooms/22460279?location=Chengdu%2C%20Sichuan%2C%20China,10,100
False,5,6.0,30.648497174790773,97088809,3.0,1.0,,10,4.0,September 2016,100%,17642314,1140,10,104.08044129099582,42,25,within an hour,琳芝远景电脑PS高端套三大床房春熙路31楼,留,1,https://www.airbnb.com/rooms/17642314?location=Chengdu%2C%20Sichuan%2C%20China,10,95
True,5,2.0,30.643023847225795,45081404,1.0,1.0,"哈哈,我是一个90后新手妈妈,有一个笨笨的老公小K和一个可爱的儿子小睡仔。我和小K是airbnb的粉丝。记得曾经在新西兰的瓦纳卡,住过一栋非常有趣的小木屋,在小木屋的4天,我就像是房东家女儿(8岁)的大表姐一样,每天和她一起跳蹦床、摘覆盆子,和房东一起做饭,看他们把我们做的川菜吃得连一颗花椒都不剩。我曾经问房东D,为什么Choluna这么小就可以在我们这些陌生人面前那么开朗和自信?D和她老公立刻说“陌生人?Choluna从来没有把你们当做陌生人,你们是guests,是airbnber!”这也许就是我为什么现在也做起了房东,即使长租的收入和做airbnb差不多,我也愿意折腾,因为我想继承airbnb的初衷,花更少的钱有更好的体验,我体验到了,那么就把这份体验传播出去。",10,1.0,September 2015,100%,20067134,285,10,104.0929272296521,39,19,within an hour,【睡仔家·Z's House】地铁口/近春熙路太古里/牛王庙九眼桥/川大/河景廊桥夜景/4站宽窄巷子,Fan,1,https://www.airbnb.com/rooms/20067134?location=Chengdu%2C%20Sichuan%2C%20China,10,100
True,5,2.0,30.660557590513086,44310157,1.0,1.0,"Hello everyone, 
time passed so fast that it's been two years since I became an airbnb host. This job gives me countless happiness and gratitude, making my life filled with surprise and new experience. Getting to know different kind of people, and some of them even become friends, is absolutely the best part of this job.
I want to say thank you for choose my apartment, and thank you for choosing me, my dear guest. 

",10,1.0,September 2015,100%,18017127,541,10,104.08579805155732,31,20,within an hour,[糖果家]新房特价 成都春熙路太古里IFS宽窄巷子地铁站北欧原木的清新公寓,Chunxiao,1,https://www.airbnb.com/rooms/18017127?location=Chengdu%2C%20Sichuan%2C%20China,10,98
